heating_point_id,heating_point_type,gmina_code,capacity,has_generator,has_independent_stove,availability_status,power_need_kw,lat,lon
HP-0001,community_hall,2603004,130,False,False,available,21.3,50.74079,19.78139
HP-0002,OSP_station,0614001,35,True,False,available,4.0,51.62138,22.48593
HP-0003,sports_hall,1817001,345,True,True,available,48.7,49.80579,21.95989
HP-0004,culture_center,2605006,201,True,False,needs_staff,26.5,50.3369,20.13329
HP-0005,community_hall,2430001,104,False,True,available,11.2,50.58588,19.34071
HP-0006,school,1009007,136,False,False,available,24.7,51.84674,19.35824
HP-0007,culture_center,1429002,212,False,False,available,30.2,52.79203,21.71285
HP-0008,OSP_station,1815001,118,True,True,available,20.5,49.50615,20.77688
HP-0009,sports_hall,3201003,371,False,True,needs_staff,62.0,53.29802,14.14291
HP-0010,school,0622004,77,False,True,available,14.0,51.64587,22.90691
HP-0011,community_hall,2811006,146,False,False,available,24.1,53.47387,21.1446
HP-0012,school,0608002,148,False,False,available,21.6,50.78465,22.69474
HP-0013,school,2212001,158,False,True,needs_staff,21.8,54.06186,18.8438
HP-0014,sports_hall,0610005,205,False,True,available,36.8,51.54233,22.99274
HP-0015,community_hall,1612005,71,True,True,available,11.8,50.62332,18.38301
HP-0016,OSP_station,3023005,193,False,False,available,20.9,52.74285,15.37621
HP-0017,OSP_station,0412004,35,True,False,available,5.7,52.96531,18.23814
HP-0018,sports_hall,1440006,322,True,False,available,54.1,51.9603,21.30568
HP-0019,sports_hall,3007006,357,False,False,available,61.3,51.65632,16.99917
HP-0020,community_hall,2429006,58,False,True,available,10.0,50.40619,18.65335
HP-0021,culture_center,2208005,76,True,True,needs_staff,7.8,54.4078,19.4751
HP-0022,sports_hall,3212002,288,False,False,available,45.0,53.88268,15.21968
HP-0023,community_hall,2217003,159,False,False,available,18.0,53.56895,17.75335
HP-0024,culture_center,1403005,207,False,False,available,38.6,52.61902,21.11431
HP-0025,OSP_station,1406005,43,True,False,available,7.4,52.05774,20.28556
HP-0026,OSP_station,3018002,114,False,False,available,20.7,52.91007,16.54332
HP-0027,sports_hall,1003001,264,False,True,available,28.5,51.9261,18.98998
HP-0028,culture_center,2608003,132,True,False,needs_staff,24.3,51.75668,19.54676
HP-0029,culture_center,2014002,39,False,True,available,3.6,53.10843,23.21314
HP-0030,sports_hall,0409005,347,False,False,available,52.3,52.8116,18.90115
HP-0031,sports_hall,1809005,292,False,False,available,48.8,50.18723,21.72131
HP-0032,sports_hall,1207006,341,False,True,available,39.6,49.24152,19.02307
HP-0033,sports_hall,3212004,334,False,True,available,65.8,53.77095,15.36762
HP-0034,school,2409003,152,True,False,available,17.4,50.78657,18.60717
HP-0035,sports_hall,2412003,319,False,False,available,29.6,50.30276,19.66606
HP-0036,sports_hall,3031003,293,False,True,available,50.6,52.28883,17.31968
HP-0037,OSP_station,1810005,35,False,True,available,5.7,49.95722,21.88569
HP-0038,school,3015006,120,False,True,needs_staff,24.6,53.24372,17.00872
HP-0039,community_hall,1402002,131,False,True,available,14.5,51.80603,20.32084
HP-0040,culture_center,1011002,139,False,False,available,17.4,51.82454,19.9719
HP-0041,school,0416005,168,False,True,needs_staff,31.1,53.19805,18.4462
HP-0042,culture_center,3201001,170,False,False,needs_staff,28.3,53.34105,13.6903
HP-0043,school,2611003,169,False,False,available,34.9,51.15313,19.57836
HP-0044,community_hall,0614007,195,True,False,available,41.2,51.42463,22.72546
HP-0045,OSP_station,3213003,97,True,True,available,19.2,52.73944,13.93859
HP-0046,sports_hall,2431002,291,False,False,needs_staff,24.0,50.09584,18.7049
HP-0047,OSP_station,1612003,46,False,False,available,6.2,50.75909,18.7024
HP-0048,community_hall,3023001,35,False,True,available,4.3,52.55951,15.3527
HP-0049,community_hall,0605001,89,False,False,available,13.0,51.24633,22.14769
HP-0050,school,2419001,150,False,False,available,21.5,50.56992,18.61725
HP-0051,community_hall,1013001,39,False,True,available,5.7,51.52231,18.91249
HP-0052,school,1602002,213,True,False,available,39.2,50.81317,18.02712
HP-0053,sports_hall,2212002,283,False,True,needs_staff,47.6,53.91393,18.89735
HP-0054,school,0411006,152,True,True,available,26.5,53.21952,18.07107
HP-0055,OSP_station,0611005,73,False,False,available,6.1,51.76654,21.93261
HP-0056,community_hall,2010006,149,False,False,needs_staff,24.2,53.03388,23.35601
HP-0057,sports_hall,1801005,300,False,True,available,25.0,49.51316,21.29711
HP-0058,community_hall,2802004,139,True,True,available,21.2,52.96715,20.96129
HP-0059,culture_center,0406007,187,False,True,available,28.1,52.37833,17.66575
HP-0060,community_hall,0423007,185,False,False,available,25.1,52.63703,18.23638
HP-0061,culture_center,1213003,35,False,True,available,6.1,50.04645,20.29596
HP-0062,community_hall,0805003,42,True,True,available,7.2,52.9256,15.15964
HP-0063,community_hall,3205004,58,False,True,available,11.9,53.52333,15.17963
HP-0064,sports_hall,0201001,283,False,False,available,36.1,51.30716,16.47264
HP-0065,culture_center,0809006,152,True,False,needs_staff,18.1,51.97562,15.80389
HP-0066,OSP_station,0811003,136,True,True,needs_staff,21.4,51.57647,15.5899
HP-0067,culture_center,2424003,60,True,True,available,6.7,50.41188,20.04865
HP-0068,culture_center,3006006,128,False,False,needs_staff,14.7,53.14636,16.58031
HP-0069,OSP_station,1434004,35,False,False,available,6.7,51.36815,21.25894
HP-0070,community_hall,2201003,130,True,True,needs_staff,26.3,54.2378,19.38802
HP-0071,OSP_station,3203005,46,False,False,available,7.8,52.40579,13.84335
HP-0072,culture_center,2420003,146,False,True,available,14.8,50.18611,19.00011
HP-0073,sports_hall,1024004,388,False,False,available,32.9,51.63083,19.06857
HP-0074,culture_center,1206003,193,False,False,available,28.5,49.83269,19.95631
HP-0075,sports_hall,1607002,416,True,True,available,89.4,50.7489,18.53251
HP-0076,school,1439003,182,True,False,available,25.3,52.45551,21.77764
HP-0077,sports_hall,3033003,304,False,True,available,54.2,52.03714,16.94855
HP-0078,community_hall,1442002,110,True,False,available,20.5,52.31411,21.73606
HP-0079,OSP_station,2411006,55,False,False,available,10.4,50.7236,19.13822
HP-0080,school,1812002,95,False,True,available,13.9,50.14946,21.90835
HP-0081,school,0423002,174,False,True,available,24.3,52.62024,18.22162
HP-0082,culture_center,3206006,211,False,False,needs_staff,39.4,52.79928,14.08529
HP-0083,community_hall,0205006,172,False,False,available,20.1,51.03979,16.61911
HP-0084,sports_hall,2813004,314,False,True,available,39.5,54.35547,22.25036
HP-0085,sports_hall,2211001,379,False,True,available,36.9,54.25468,18.86704
HP-0086,sports_hall,0622005,270,False,True,available,51.0,51.75542,22.80632
HP-0087,OSP_station,1436001,143,False,False,available,20.3,52.87813,19.74562
HP-0088,sports_hall,0407004,371,True,False,available,76.8,52.6801,18.56435
HP-0089,OSP_station,2004002,96,True,False,available,16.7,52.96981,23.41569
HP-0090,community_hall,3018006,68,True,False,available,12.7,52.99076,16.35349
HP-0091,school,0402001,161,True,False,available,25.9,53.07455,18.98516
HP-0092,OSP_station,0201004,93,False,False,available,16.8,51.21488,16.41136
HP-0093,OSP_station,3026003,51,True,False,available,8.2,52.05691,16.65222
HP-0094,sports_hall,1822003,309,True,False,needs_staff,39.0,49.66893,21.79336
HP-0095,community_hall,0612002,107,False,False,available,17.3,50.97437,21.82855
HP-0096,school,1429001,207,True,True,available,36.7,52.77159,21.30582
HP-0097,sports_hall,0219002,250,True,False,available,33.3,51.14402,16.58167
HP-0098,OSP_station,1401005,98,False,False,available,20.2,52.83075,21.11814
HP-0099,school,2409006,153,False,False,needs_staff,23.9,50.89008,19.08378
HP-0100,culture_center,2204002,207,False,False,available,32.5,54.2138,18.86566
HP-0101,community_hall,1608002,54,False,False,available,9.1,51.10973,18.17167
HP-0102,school,2013003,131,False,False,available,15.6,53.52153,22.80979
HP-0103,community_hall,2212003,121,True,True,available,22.7,54.04383,18.89231
HP-0104,OSP_station,2012004,46,False,True,available,8.5,53.36675,23.00495
HP-0105,community_hall,2412002,116,True,True,available,16.2,50.40656,19.83521
HP-0106,school,3016002,178,False,False,available,16.5,52.6616,17.09477
HP-0107,school,1209005,178,False,True,available,25.0,49.42502,20.95951
HP-0108,community_hall,1011004,92,False,False,available,18.9,52.09678,19.66082
HP-0109,community_hall,2603003,88,True,False,available,15.0,50.79086,19.98202
HP-0110,school,3211005,240,True,True,available,40.5,52.87453,13.11274
HP-0111,sports_hall,1020001,324,False,False,available,64.3,51.70021,19.55064
HP-0112,OSP_station,3023003,94,False,False,available,14.9,52.62534,15.57517
HP-0113,culture_center,2014005,77,False,False,available,15.6,53.1837,23.52712
HP-0114,culture_center,1823001,195,False,False,available,28.0,50.25192,22.71288
HP-0115,sports_hall,2219006,307,False,True,available,26.0,54.05751,17.68
HP-0116,school,0814002,195,False,True,available,25.6,52.64809,15.58445
HP-0117,sports_hall,1432006,330,False,False,available,29.8,52.0339,21.10088
HP-0118,community_hall,0621004,145,True,True,available,23.9,50.79394,22.39193
HP-0119,school,0802005,185,True,False,available,32.1,52.20621,15.62779
HP-0120,OSP_station,0207006,186,True,True,needs_staff,16.0,50.95989,17.59134
HP-0121,sports_hall,0412007,354,False,False,available,33.0,52.93403,17.97148
HP-0122,sports_hall,0210002,357,False,True,available,58.1,51.36378,16.94675
HP-0123,culture_center,0808002,62,False,False,needs_staff,7.7,52.14849,15.61766
HP-0124,school,3214006,185,True,False,available,21.0,53.41174,15.05985
HP-0125,school,2413002,205,False,True,needs_staff,25.9,50.0869,18.61807
HP-0126,OSP_station,0803004,119,False,True,available,17.8,51.90817,14.79615
HP-0127,community_hall,0420004,118,False,True,available,18.1,53.09803,18.4945
HP-0128,culture_center,0804003,129,False,False,available,16.6,51.97434,15.19178
HP-0129,school,2219001,170,True,False,available,27.2,54.08928,17.66274
HP-0130,OSP_station,2426003,117,False,False,available,13.1,50.16402,18.33459
HP-0131,culture_center,2405005,120,True,False,needs_staff,23.5,50.31557,19.17097
HP-0132,culture_center,1015002,105,False,False,available,18.1,52.31996,18.90166
HP-0133,OSP_station,2425003,35,False,False,available,6.3,50.21599,18.70694
HP-0134,community_hall,2812006,79,False,True,available,12.2,53.52011,19.48551
HP-0135,sports_hall,2404005,439,True,False,available,37.2,50.28304,18.81303
HP-0136,school,3021001,198,False,False,available,31.4,52.33337,16.82626
HP-0137,community_hall,2422003,123,False,True,available,11.9,50.54724,19.71613
HP-0138,school,3203002,175,False,False,available,29.8,52.25286,13.75079
HP-0139,sports_hall,1819005,332,True,True,needs_staff,61.2,49.93809,22.76528
HP-0140,sports_hall,1218001,306,True,True,needs_staff,26.3,50.19818,20.63643
HP-0141,sports_hall,1018006,326,False,True,available,48.9,52.21301,20.15344
HP-0142,sports_hall,2405001,287,False,True,available,24.8,50.61262,19.2764
HP-0143,school,0205003,202,True,True,available,30.0,50.96407,16.25619
HP-0144,school,2805002,179,False,False,available,15.6,53.71974,19.8801
HP-0145,community_hall,1402004,152,False,True,available,13.0,51.58193,20.21733
HP-0146,sports_hall,2807005,319,True,False,available,62.5,53.76536,21.13101
HP-0147,community_hall,1421004,180,False,False,available,27.0,52.67862,20.72462
HP-0148,sports_hall,2215004,330,False,False,needs_staff,41.8,54.21254,19.13497
HP-0149,sports_hall,3017001,272,False,True,available,55.3,52.82544,17.36996
HP-0150,school,2002005,208,True,False,available,31.0,53.52541,22.87319
HP-0151,OSP_station,0220005,78,True,False,needs_staff,14.0,50.45688,17.21392
HP-0152,sports_hall,0223002,322,False,False,available,67.6,51.26777,16.50317
HP-0153,community_hall,2609001,91,True,False,available,10.3,50.67701,20.3012
HP-0154,school,2003005,182,False,False,available,25.3,53.10035,22.38051
HP-0155,sports_hall,0614002,348,True,False,available,60.3,51.30671,22.33458
HP-0156,community_hall,2607006,91,False,False,available,14.8,50.3856,20.72767
HP-0157,school,0417006,208,False,True,available,24.0,52.81935,18.66165
HP-0158,school,0807001,184,False,True,available,32.6,52.64612,15.89773
HP-0159,sports_hall,3003004,280,True,True,available,41.3,53.01728,16.19735
HP-0160,community_hall,1427004,118,False,True,available,22.3,51.59399,21.17151
HP-0161,community_hall,2432004,128,False,False,available,25.1,50.49197,18.94588
HP-0162,sports_hall,2818001,304,False,False,available,39.9,53.3588,20.81189
HP-0163,sports_hall,0416006,291,False,True,available,45.5,53.36477,18.27869
HP-0164,community_hall,3001003,120,False,False,available,13.7,52.29126,16.51348
HP-0165,community_hall,0422006,144,False,True,available,18.2,52.83263,18.81123
HP-0166,culture_center,1407004,137,True,False,available,20.9,52.28952,21.1747
HP-0167,culture_center,2601005,145,True,False,available,23.2,50.86264,20.63587
HP-0168,school,3215002,141,False,False,available,21.9,54.18763,15.00493
HP-0169,school,3012002,214,False,True,available,35.6,52.63279,16.99906
HP-0170,culture_center,1604006,85,True,False,needs_staff,18.3,50.76973,18.90558
HP-0171,school,0401007,237,True,True,available,22.0,52.36596,18.51661
HP-0172,sports_hall,1811005,384,False,True,available,54.2,50.44639,22.13087
HP-0173,sports_hall,3009003,383,True,False,available,53.1,52.42823,15.73529
HP-0174,community_hall,0207003,141,False,True,available,12.1,51.26989,17.69197
HP-0175,sports_hall,2435002,294,True,False,available,59.4,50.45831,18.2298
HP-0176,culture_center,2425001,144,False,False,available,26.6,50.078,18.93145
HP-0177,community_hall,2815001,35,False,True,available,6.9,53.73601,20.37044
HP-0178,school,2435003,69,False,False,available,8.8,50.36874,18.32934
HP-0179,school,1803007,187,True,False,available,25.9,50.16836,22.23609
HP-0180,culture_center,2402004,249,False,True,needs_staff,27.1,50.14106,19.01116
HP-0181,school,1818001,245,False,True,available,29.8,50.45761,22.65693
HP-0182,culture_center,1436003,114,False,True,available,10.2,53.01737,20.28148
HP-0183,community_hall,1433002,113,False,True,available,17.4,52.68747,21.28872
HP-0184,community_hall,1008001,89,True,True,available,10.9,51.90644,19.21041
HP-0185,sports_hall,0221005,363,False,False,needs_staff,47.3,51.45222,17.30798
HP-0186,culture_center,1441007,48,False,False,available,4.9,52.43824,21.14922
HP-0187,sports_hall,1416003,403,True,False,available,78.2,52.2425,20.45061
HP-0188,sports_hall,3218003,292,False,False,available,32.2,52.97,15.61021
HP-0189,OSP_station,2602002,35,False,True,available,4.9,50.21329,19.74664
HP-0190,community_hall,1008007,142,False,True,needs_staff,16.1,52.01212,19.39645
HP-0191,school,0401002,168,False,False,available,16.6,52.32093,18.56737
HP-0192,community_hall,1434006,141,False,True,available,30.6,51.33391,21.42648
HP-0193,sports_hall,0216007,279,True,True,available,54.7,51.83314,16.4964
HP-0194,community_hall,1431006,54,False,False,available,11.1,52.1056,20.55869
HP-0195,school,2610001,121,True,True,available,14.8,50.40384,21.04242
HP-0196,community_hall,0419002,131,False,True,needs_staff,20.6,52.45007,18.13152
HP-0197,sports_hall,0622002,275,False,True,needs_staff,39.6,51.89223,22.47908
HP-0198,community_hall,2810002,84,False,False,needs_staff,16.5,53.83678,20.42819
HP-0199,sports_hall,0415007,263,False,False,needs_staff,27.2,53.17981,18.97992
HP-0200,sports_hall,1426005,316,False,False,available,64.8,52.96313,21.20343
HP-0201,school,1411004,173,False,False,available,18.3,52.03884,21.48451
HP-0202,culture_center,0801004,71,False,False,available,9.2,52.19198,16.25371
HP-0203,school,1428003,166,True,True,available,15.1,51.81986,20.9236
HP-0204,community_hall,1425001,154,False,False,available,19.0,53.02694,21.63077
HP-0205,OSP_station,1414003,46,False,True,available,6.9,52.89775,20.08567
HP-0206,OSP_station,0209003,76,False,True,available,16.0,51.22397,16.41595
HP-0207,culture_center,0613002,81,True,False,available,7.2,50.92674,22.08774
HP-0208,school,1012002,154,True,True,available,17.9,51.12128,19.16145
HP-0209,community_hall,0812004,153,False,False,available,21.0,52.71891,15.45432
HP-0210,community_hall,2420001,116,False,True,needs_staff,13.3,50.09321,19.02268
HP-0211,culture_center,2004004,143,True,False,available,29.2,52.63688,23.31913
HP-0212,school,1012005,132,False,False,available,22.5,50.92366,19.52777
HP-0213,culture_center,1416007,148,False,False,available,12.9,52.28153,20.28407
HP-0214,school,3215004,99,False,True,available,11.5,54.12212,14.97555
HP-0215,school,2610002,246,False,True,needs_staff,41.6,50.68268,21.18205
HP-0216,community_hall,1015006,84,True,False,available,15.4,52.1147,18.77966
HP-0217,community_hall,3004002,93,True,False,needs_staff,14.9,52.56783,17.67458
HP-0218,community_hall,0220003,130,False,False,available,26.6,50.79473,16.89044
HP-0219,school,1811002,168,True,True,available,18.7,50.39707,21.76734
HP-0220,sports_hall,0420003,235,False,True,needs_staff,20.7,53.28311,18.0505
HP-0221,sports_hall,0808007,354,False,False,available,74.7,52.22328,15.48117
HP-0222,community_hall,3202005,199,False,True,available,29.8,53.16773,15.3529
HP-0223,culture_center,2803005,87,False,False,available,13.3,53.11602,20.6883
HP-0224,school,2217001,211,False,True,available,42.9,53.51323,18.09196
HP-0225,OSP_station,2013005,84,True,True,available,17.0,53.33478,22.45641
HP-0226,culture_center,1403002,127,True,True,available,17.6,52.29809,21.00394
HP-0227,OSP_station,2415004,49,False,False,available,10.7,49.64211,19.42497
HP-0228,community_hall,1007007,35,False,False,available,5.9,51.37984,19.0235
HP-0229,OSP_station,1209003,181,False,False,available,23.9,49.59659,21.19
HP-0230,OSP_station,1812005,79,True,True,available,15.7,50.25437,22.21467
HP-0231,sports_hall,0402006,329,False,False,available,45.7,53.04893,18.69864
HP-0232,school,1418005,131,False,False,available,16.5,52.18036,22.14457
HP-0233,school,0615007,158,False,True,available,28.4,50.58087,22.03853
HP-0234,OSP_station,0401006,85,True,False,available,15.5,52.39082,18.28594
HP-0235,OSP_station,3206004,55,True,True,needs_staff,6.2,53.01445,13.9621
HP-0236,school,2431006,118,True,False,available,21.3,50.21697,18.60319
HP-0237,sports_hall,2207003,342,False,False,available,44.7,54.53388,19.92275
HP-0238,OSP_station,2604002,35,True,False,available,5.4,51.1636,21.67302
HP-0239,community_hall,1440003,39,False,True,available,8.1,51.90779,21.52933
HP-0240,OSP_station,3017003,109,False,False,available,11.6,52.65131,17.31922
HP-0241,OSP_station,3007005,35,False,True,available,7.4,51.80578,16.69302
HP-0242,community_hall,1222006,71,False,True,available,11.2,50.14034,21.07955
HP-0243,OSP_station,2011003,35,False,False,available,6.5,54.04652,24.66652
HP-0244,school,3210003,213,False,False,needs_staff,18.3,53.56822,14.93732
HP-0245,sports_hall,2603001,310,False,False,available,45.0,51.03466,20.24298
HP-0246,culture_center,1417005,194,True,True,available,17.9,51.94466,21.66027
HP-0247,community_hall,3020002,80,False,False,available,14.4,52.74268,17.40974
HP-0248,culture_center,3006002,170,False,False,available,33.2,52.69307,16.51928
HP-0249,school,3208006,162,True,False,available,28.3,53.60872,14.37431
HP-0250,sports_hall,0207007,294,False,True,needs_staff,50.2,51.02429,17.77912
HP-0251,school,1432007,229,False,True,available,37.7,51.82715,21.3121
HP-0252,community_hall,2421004,109,False,True,available,13.9,50.26958,18.27299
HP-0253,culture_center,2012006,95,False,True,available,20.4,52.97823,23.42306
HP-0254,OSP_station,1606006,59,False,False,available,7.5,50.77534,18.19111
HP-0255,community_hall,3006001,35,False,True,needs_staff,4.8,52.65591,16.69796
HP-0256,culture_center,0225001,216,False,False,available,20.0,51.23406,16.64183
HP-0257,sports_hall,0604007,314,False,True,needs_staff,25.5,51.0792,21.91479
HP-0258,OSP_station,3210005,126,False,False,available,22.3,53.61038,14.97241
HP-0259,sports_hall,1818005,166,True,True,available,18.5,50.58254,22.33886
HP-0260,school,3211004,122,False,True,available,17.5,53.00318,13.44906
HP-0261,school,1423004,158,False,False,available,30.9,52.49627,20.12508
HP-0262,community_hall,1806001,106,False,False,available,19.0,50.03941,22.22907
HP-0263,school,1422002,125,False,False,available,13.6,51.98693,20.45775
HP-0264,school,1420002,208,True,True,needs_staff,43.9,52.86003,21.21397
HP-0265,culture_center,0605004,157,False,False,available,15.4,51.39559,22.52755
HP-0266,OSP_station,1413003,179,False,False,available,17.1,51.64587,21.06074
HP-0267,culture_center,2202002,115,True,False,available,9.5,55.22067,18.17179
HP-0268,sports_hall,3218005,352,False,False,available,73.2,53.12649,15.84363
HP-0269,school,1405004,131,False,False,needs_staff,10.9,52.66314,21.19169
HP-0270,community_hall,1024001,35,True,True,needs_staff,5.1,51.50459,19.39603
HP-0271,sports_hall,2820001,272,False,False,available,44.8,53.74615,20.37467
HP-0272,school,1807004,216,True,True,available,25.6,50.21643,22.18268
HP-0273,sports_hall,3035001,314,True,False,available,31.7,51.76111,17.1378
HP-0274,culture_center,1605003,213,True,False,available,34.5,50.37774,17.67346
HP-0275,community_hall,0207002,133,True,True,available,27.7,51.14769,17.62725
HP-0276,culture_center,0205007,55,False,True,available,10.1,51.14902,16.22873
HP-0277,sports_hall,0410006,325,True,False,available,67.6,53.27375,18.503
HP-0278,sports_hall,3015003,314,True,False,available,46.1,53.50157,17.28807
HP-0279,school,2215006,158,True,False,available,33.3,54.25369,19.25711
HP-0280,community_hall,0605002,44,False,False,available,3.6,51.26349,22.54031
HP-0281,school,3002005,154,False,False,available,29.9,53.29652,16.94178
HP-0282,sports_hall,0608006,360,False,False,available,53.3,50.85654,22.87413
HP-0283,sports_hall,2419004,287,False,False,available,39.3,50.43544,18.94163
HP-0284,sports_hall,3221004,275,True,False,needs_staff,44.6,53.68503,14.9905
HP-0285,OSP_station,1214003,76,False,False,needs_staff,10.9,50.4645,19.91034
HP-0286,culture_center,1429006,119,False,False,available,25.3,52.72058,21.31293
HP-0287,sports_hall,1411003,361,True,False,available,42.2,52.14679,20.97021
HP-0288,OSP_station,1022007,77,False,True,available,15.8,51.65947,19.61316
HP-0289,sports_hall,0220007,268,True,True,available,30.6,50.76149,17.32451
HP-0290,school,0214007,220,False,False,available,35.6,51.31532,17.28346
HP-0291,sports_hall,0601006,340,False,False,available,70.6,50.71564,22.45302
HP-0292,community_hall,0404002,72,False,False,available,15.3,52.82969,18.4045
HP-0293,sports_hall,1212007,306,True,True,available,61.7,50.89453,19.34347
HP-0294,school,0619002,245,False,False,available,25.4,50.53331,22.92098
HP-0295,sports_hall,0618002,266,False,True,available,56.1,51.36648,22.22197
HP-0296,community_hall,0421004,84,False,False,available,9.3,52.79893,19.02122
HP-0297,OSP_station,0624001,95,True,False,available,16.1,50.66895,22.48549
HP-0298,school,2008005,197,False,True,available,15.9,53.50955,22.7623
HP-0299,school,1018001,276,True,False,available,53.2,52.14615,20.34514
HP-0300,culture_center,0612007,141,False,True,available,19.8,51.00599,22.50374
HP-0301,culture_center,1017006,150,False,False,available,21.3,51.63506,20.20592
HP-0302,sports_hall,1412002,288,False,True,available,45.8,52.50549,20.74088
HP-0303,OSP_station,3026005,92,True,True,needs_staff,16.4,52.0133,16.53176
HP-0304,school,2433006,139,True,False,available,28.2,49.88701,18.9081
HP-0305,sports_hall,0415003,245,False,False,available,50.2,53.1884,18.63801
HP-0306,school,2424005,236,True,False,available,28.8,50.44622,19.961
HP-0307,school,1425006,212,True,False,available,25.4,52.4842,21.05093
HP-0308,sports_hall,2406004,333,False,False,needs_staff,39.9,50.65455,18.23689
HP-0309,culture_center,1611002,130,True,True,available,20.3,51.36323,17.95816
HP-0310,sports_hall,1414005,198,True,True,available,26.2,53.13317,20.20586
HP-0311,sports_hall,1004006,326,False,False,available,62.4,51.2255,20.48682
HP-0312,culture_center,0414003,171,False,False,available,21.5,52.93565,18.40417
HP-0313,sports_hall,1426002,316,False,False,available,56.5,52.8558,21.73195
HP-0314,sports_hall,3207003,307,True,True,available,44.1,53.75841,14.9778
HP-0315,culture_center,3205001,173,True,True,needs_staff,34.6,53.50844,15.33975
HP-0316,sports_hall,2017003,272,False,True,available,27.0,52.73314,23.19893
HP-0317,community_hall,1804005,35,False,True,available,3.4,49.86709,21.08949
HP-0318,OSP_station,0406002,117,False,True,available,16.6,52.34688,17.98884
HP-0319,culture_center,1415001,146,False,True,available,22.4,52.38346,20.7354
HP-0320,sports_hall,1418007,271,True,True,available,43.5,52.59202,21.92921
HP-0321,sports_hall,1014001,279,False,False,available,35.0,51.66942,19.20761
HP-0322,sports_hall,2415006,286,False,False,available,41.1,49.6818,19.08431
HP-0323,community_hall,0411005,96,False,True,available,11.3,52.91152,18.10886
HP-0324,OSP_station,2614006,131,True,False,available,27.8,50.67816,20.84023
HP-0325,sports_hall,1203003,296,False,False,available,34.3,49.74211,19.65142
HP-0326,culture_center,2203002,163,True,True,needs_staff,20.6,54.44393,18.44201
HP-0327,community_hall,1014003,95,False,True,needs_staff,20.0,51.3016,19.26876
HP-0328,culture_center,2801001,137,True,True,available,24.7,53.76604,20.6616
HP-0329,culture_center,0611004,130,True,False,available,25.3,51.71211,22.13837
HP-0330,community_hall,3201004,179,False,False,available,20.2,53.27328,13.85376
HP-0331,culture_center,2409004,222,True,True,available,29.9,50.97555,18.63918
HP-0332,culture_center,1213006,81,False,True,available,11.4,50.0957,20.22924
HP-0333,sports_hall,0610002,359,False,False,available,75.6,51.76235,22.78513
HP-0334,school,2416004,167,False,False,needs_staff,32.3,49.83589,19.34442
HP-0335,school,1415004,264,False,True,available,43.1,52.44551,20.92228
HP-0336,school,0608004,193,False,False,available,35.8,50.77554,22.84576
HP-0337,community_hall,0221003,80,False,False,available,17.3,51.35373,17.30953
HP-0338,school,0413005,210,True,True,available,32.0,52.79282,18.73941
HP-0339,school,0412002,165,False,True,available,23.7,52.93302,18.10797
HP-0340,school,1410005,250,True,False,available,48.8,52.64079,19.61599
HP-0341,culture_center,3009006,122,True,True,available,24.4,52.59266,16.16316
HP-0342,sports_hall,0211007,291,False,False,available,55.3,50.92648,16.63246
HP-0343,culture_center,2804006,142,False,True,available,16.3,53.10733,20.78996
HP-0344,sports_hall,0811001,348,False,False,needs_staff,68.6,51.55196,15.43824
HP-0345,culture_center,3206005,137,False,True,available,28.4,52.8501,13.75387
HP-0346,OSP_station,0223001,50,False,False,available,5.5,51.21426,17.06253
HP-0347,school,2201005,217,True,True,needs_staff,21.8,54.25007,19.50313
HP-0348,OSP_station,1419007,43,False,True,available,4.4,52.76369,21.27474
HP-0349,OSP_station,0812005,39,False,True,available,4.4,52.6402,15.667
HP-0350,culture_center,1802007,175,False,True,needs_staff,26.8,49.47181,21.58987
HP-0351,culture_center,3012004,128,False,False,available,26.5,52.67586,17.27599
HP-0352,community_hall,0203002,50,True,True,available,9.0,50.22316,15.82559
HP-0353,OSP_station,2817001,85,False,True,available,9.1,54.07924,20.66899
HP-0354,culture_center,2614001,99,False,False,available,13.8,50.60745,21.17603
HP-0355,community_hall,2605004,193,False,False,available,27.5,50.55769,20.16836
HP-0356,OSP_station,2412006,35,False,True,available,5.8,50.34951,19.80146
HP-0357,sports_hall,2210006,273,False,False,available,56.3,54.51542,18.46002
HP-0358,culture_center,0412001,131,True,True,available,19.3,52.71087,18.26281
HP-0359,culture_center,1218002,118,False,False,available,23.6,50.33793,20.1009
HP-0360,culture_center,0202007,115,False,True,available,22.8,51.33539,17.4348
HP-0361,sports_hall,2014004,320,False,True,available,52.1,53.38284,23.17338
HP-0362,community_hall,2608002,148,True,False,available,22.0,51.76798,19.62658
HP-0363,school,0618007,199,False,False,available,23.7,51.32925,22.54469
HP-0364,community_hall,1822002,90,False,False,needs_staff,15.9,49.62377,21.81661
HP-0365,culture_center,1805001,181,False,False,available,17.9,49.19711,21.96743
HP-0366,culture_center,1441002,119,True,True,available,16.3,52.67533,21.54943
HP-0367,culture_center,2208004,189,False,False,available,41.0,54.65228,19.22619
HP-0368,OSP_station,0403003,117,True,False,available,21.9,53.40923,18.83721
HP-0369,community_hall,0601001,154,False,True,available,20.4,50.74072,22.12099
HP-0370,sports_hall,2001004,269,True,True,needs_staff,26.2,52.98728,22.24894
HP-0371,sports_hall,1809002,226,True,True,available,45.4,50.39234,21.46357
HP-0372,sports_hall,0418001,296,False,False,available,58.9,52.30475,17.66042
HP-0373,community_hall,2428006,65,False,False,needs_staff,13.4,50.27771,19.24591
HP-0374,sports_hall,1433005,300,False,True,available,24.6,52.74218,21.48429
HP-0375,culture_center,1204006,51,True,False,available,7.0,49.19936,19.84931
HP-0376,culture_center,1013003,157,False,True,available,19.7,51.65583,18.86173
HP-0377,sports_hall,0224001,259,True,True,available,42.3,51.3948,17.1362
HP-0378,school,2014003,233,False,True,available,47.9,53.12968,23.32521
HP-0379,culture_center,1021006,114,True,False,available,14.1,51.87639,18.70078
HP-0380,community_hall,1438007,51,False,True,available,4.3,51.38738,22.05239
HP-0381,OSP_station,3016003,112,True,False,available,10.3,52.56708,16.91741
HP-0382,community_hall,0610004,136,False,True,available,13.5,51.56641,23.02868
HP-0383,sports_hall,3206003,393,True,False,available,78.0,52.92621,14.22239
HP-0384,school,2611002,169,False,False,available,30.2,50.96885,19.53333
HP-0385,community_hall,0420005,95,False,False,available,15.1,53.0645,17.82472
HP-0386,culture_center,2414001,161,True,True,available,15.3,50.06033,19.36269
HP-0387,sports_hall,1020007,348,False,True,available,47.1,51.74089,20.08074
HP-0388,school,0805007,223,False,False,available,21.0,52.97662,14.828
HP-0389,OSP_station,0221007,83,False,True,available,6.9,51.25275,17.55332
HP-0390,sports_hall,3009001,296,False,False,needs_staff,24.5,52.30594,16.42442
HP-0391,school,0215006,228,False,False,available,43.0,51.22709,16.84665
HP-0392,culture_center,1403004,221,False,False,available,37.7,52.62038,21.03211
HP-0393,culture_center,2613001,121,False,False,needs_staff,23.1,51.2569,20.40126
HP-0394,culture_center,2017004,52,True,False,needs_staff,8.2,52.66585,23.01963
HP-0395,school,0407007,146,False,False,needs_staff,12.4,52.78502,18.48566
HP-0396,community_hall,1602001,139,False,True,available,27.5,50.93392,18.22219
HP-0397,culture_center,2806002,122,False,False,available,18.7,53.83396,20.54916
HP-0398,sports_hall,2421006,275,False,False,needs_staff,31.1,50.42635,18.37233
HP-0399,community_hall,0210005,35,False,True,needs_staff,4.7,51.58237,16.93627
HP-0400,community_hall,0222005,60,False,True,needs_staff,6.3,50.81148,17.13692
HP-0401,culture_center,1808005,178,True,True,available,28.7,50.3005,21.95902
HP-0402,school,0403006,237,True,False,available,52.0,53.41635,19.02412
HP-0403,school,1807005,164,False,True,available,30.3,50.27166,21.8518
HP-0404,school,0226001,108,True,True,available,13.3,51.34168,17.1165
HP-0405,community_hall,2211006,99,True,False,needs_staff,17.9,54.18294,18.98985
HP-0406,school,0617002,181,True,False,available,21.9,51.74305,24.00774
HP-0407,sports_hall,1209007,382,False,False,needs_staff,32.8,49.61244,20.94423
HP-0408,community_hall,2428001,92,True,False,available,16.2,50.23598,19.14574
HP-0409,sports_hall,0811002,363,True,False,needs_staff,65.1,51.5625,15.36973
HP-0410,school,1222003,196,True,False,available,36.3,50.10346,21.1161
HP-0411,OSP_station,0413002,114,False,False,available,16.4,52.40852,18.63347
HP-0412,culture_center,2811003,162,False,True,available,23.7,53.67052,21.71473
HP-0413,OSP_station,0806006,102,False,True,available,17.8,52.51568,15.00084
HP-0414,OSP_station,2612006,45,False,False,available,7.4,51.19661,20.39977
HP-0415,culture_center,0212002,117,False,True,available,13.2,51.46109,16.86652
HP-0416,culture_center,2436006,201,True,False,available,16.4,50.88385,19.92128
HP-0417,sports_hall,0227006,374,True,True,available,56.0,50.77525,16.7438
HP-0418,community_hall,1406001,172,False,True,needs_staff,18.1,51.87168,20.64298
HP-0419,community_hall,0624003,79,True,False,available,14.5,50.49638,22.19031
HP-0420,community_hall,3022005,92,True,False,needs_staff,13.0,52.28471,16.85128
HP-0421,culture_center,1010006,162,False,False,available,23.1,52.11434,20.35548
HP-0422,culture_center,0230002,147,False,True,available,17.0,50.76519,17.56153
HP-0423,community_hall,1601006,147,False,False,available,26.7,50.32579,18.13409
HP-0424,community_hall,3014002,135,True,False,available,11.0,52.75499,17.1969
HP-0425,sports_hall,2426004,281,False,True,needs_staff,51.6,49.90634,18.4356
HP-0426,OSP_station,3221001,51,False,True,available,6.9,53.68435,14.78556
HP-0427,school,0408003,116,False,True,needs_staff,20.7,53.11534,18.80997
HP-0428,sports_hall,3001004,334,False,False,available,35.9,52.59476,16.53118
HP-0429,school,0614006,247,False,False,available,52.3,51.34165,22.74135
HP-0430,sports_hall,2804004,357,False,True,available,44.4,53.36913,20.628
HP-0431,culture_center,1438001,220,False,True,available,31.1,51.61827,21.87657
HP-0432,school,2207006,227,True,True,available,30.7,54.31001,19.94496
HP-0433,school,2812001,138,True,True,available,12.1,53.49745,19.83019
HP-0434,community_hall,0612004,148,True,False,available,21.4,51.06709,22.34692
HP-0435,OSP_station,0219004,35,True,False,available,7.6,50.98084,16.66755
HP-0436,community_hall,2209005,119,False,False,available,17.9,54.31776,18.87051
HP-0437,school,0607003,169,True,False,available,25.0,51.95996,22.31249
HP-0438,community_hall,1210005,138,False,False,available,29.6,51.30257,19.46562
HP-0439,culture_center,1008005,71,False,False,available,14.7,52.0986,19.38555
HP-0440,culture_center,3219006,155,True,True,available,19.3,53.88069,15.12949
HP-0441,culture_center,2220003,148,False,False,available,25.3,53.25148,18.3281
HP-0442,community_hall,2614003,73,True,False,needs_staff,14.5,50.6612,20.8308
HP-0443,culture_center,2004001,165,False,False,needs_staff,17.7,52.74074,23.4098
HP-0444,school,2811002,225,False,False,needs_staff,45.3,53.57769,21.3216
HP-0445,school,1203005,144,False,True,needs_staff,28.6,49.7454,19.61066
HP-0446,sports_hall,1004007,335,True,False,available,28.9,51.41106,20.16101
HP-0447,community_hall,0406003,165,False,True,available,33.3,52.54714,17.77087
HP-0448,school,2612002,188,True,True,available,39.3,51.03364,20.54729
HP-0449,school,3215006,93,False,True,needs_staff,8.9,54.03176,15.03483
HP-0450,school,1432004,257,False,True,available,26.8,52.12372,20.96395
HP-0451,school,1423005,190,False,True,available,23.1,52.39656,20.14082
HP-0452,school,0411002,195,False,True,available,32.8,53.35782,18.05236
HP-0453,school,1004001,151,False,False,available,25.6,51.25326,20.44871
HP-0454,community_hall,2220005,165,True,False,needs_staff,18.0,53.36988,17.94535
HP-0455,school,3217003,209,False,False,available,30.9,53.21064,14.098
HP-0456,school,2205006,161,False,False,available,30.2,54.48851,18.44506
HP-0457,sports_hall,0610003,332,False,True,available,71.4,51.68178,22.89235
HP-0458,school,2013001,190,False,False,available,37.1,53.45936,22.79355
HP-0459,OSP_station,0214003,35,True,False,available,3.7,51.29366,17.33523
HP-0460,culture_center,1437004,169,False,True,available,14.7,52.10837,21.43373
HP-0461,culture_center,0421006,58,True,False,available,7.0,52.94349,19.335
HP-0462,culture_center,1008002,135,False,True,available,15.1,52.03288,19.44782
HP-0463,culture_center,2805004,177,True,True,available,34.4,53.57593,19.54366
HP-0464,culture_center,2803004,41,False,True,needs_staff,7.9,53.51132,20.80259
HP-0465,school,0804001,200,False,True,available,32.1,51.77566,15.50163
HP-0466,school,0412003,289,True,False,available,33.3,52.55241,18.50971
HP-0467,OSP_station,2010005,128,False,True,available,15.4,53.21065,23.26767
HP-0468,community_hall,1207004,133,False,False,available,19.4,49.38914,19.10031
HP-0469,OSP_station,0420002,80,True,True,available,8.7,53.18632,17.8488
HP-0470,culture_center,1814006,208,False,False,available,45.5,49.38318,21.44571
HP-0471,community_hall,1018002,104,False,False,available,17.9,52.0725,20.28902
HP-0472,sports_hall,1425007,327,True,True,available,51.9,52.76764,21.59486
HP-0473,school,3024003,92,False,False,available,10.9,52.15003,16.39408
HP-0474,OSP_station,3009004,123,False,False,needs_staff,10.9,52.24625,16.0958
HP-0475,sports_hall,3008001,352,False,False,available,31.3,52.20029,16.96562
HP-0476,OSP_station,2431001,112,False,True,available,18.7,50.08013,18.7303
HP-0477,sports_hall,1434002,330,False,True,available,65.6,51.28605,20.78575
HP-0478,community_hall,0212007,72,False,True,available,7.4,51.48518,17.05268
HP-0479,sports_hall,0410001,257,False,False,available,34.0,53.29492,18.18043
HP-0480,school,3032005,147,False,False,available,24.7,52.68113,17.2266
HP-0481,OSP_station,2205002,122,True,False,needs_staff,10.5,54.58898,18.1914
HP-0482,community_hall,2404003,101,False,True,available,11.0,50.35692,19.16625
HP-0483,school,1606007,206,False,True,available,18.5,50.95788,18.39163
HP-0484,school,1601002,262,True,True,available,41.1,50.45267,17.84083
HP-0485,community_hall,3203004,127,True,True,available,14.3,52.56755,13.52068
HP-0486,OSP_station,2812003,138,True,True,available,14.8,53.47483,19.07857
HP-0487,culture_center,0417002,98,True,True,available,21.2,52.7053,18.58393
HP-0488,community_hall,0205005,110,False,True,available,23.9,50.95649,16.27946
HP-0489,sports_hall,2415003,356,False,False,available,38.3,49.80804,19.24029
HP-0490,OSP_station,1406004,95,True,True,available,13.6,51.83871,20.64726
HP-0491,OSP_station,0224005,88,False,False,needs_staff,9.7,51.42056,17.00676
HP-0492,sports_hall,3030001,318,False,True,available,61.0,51.9037,16.93827
HP-0493,OSP_station,0203001,147,False,True,available,29.5,50.41988,15.97439
HP-0494,community_hall,0423004,66,True,True,available,7.9,52.70823,18.3907
HP-0495,school,3214003,172,False,False,needs_staff,24.9,53.23204,14.86931
HP-0496,community_hall,0227001,143,False,True,available,19.9,50.59427,16.68875
HP-0497,community_hall,1818003,35,False,False,needs_staff,4.7,50.56575,22.86114
HP-0498,sports_hall,3219004,317,True,True,available,43.4,54.05039,15.49343
HP-0499,culture_center,1437005,170,True,False,available,14.2,51.95896,21.16488
HP-0500,culture_center,2417006,208,False,False,available,21.2,49.73475,18.25464
