grid_asset_id,asset_type,operator_region,primary_gmina_code,served_gminas,customers_served,lat,lon,icing_susceptibility
GRID-0001,MV_line,20,2007003,2007003|2802006|2602004|1421001|3205006,24628,52.91939,22.38979,0.72
GRID-0002,MV_line,22,2208006,2208006|0222003|1207002|1214004|1204006,39184,54.49064,19.4011,0.562
GRID-0003,transformer,24,2423005,2423005|1213007,4662,50.34833,19.26828,0.291
GRID-0004,MV_line,16,1601001,1601001|3034002|1001007|2007004|1412007,32851,50.15368,17.54867,0.483
GRID-0005,GPZ,30,3020001,3020001|1436005|2418004|2819003|1817002|1220005|3207005|0225001,64339,52.81678,18.05068,0.411
GRID-0006,MV_line,24,2432005,2432005|2406001|2423001|2434003|2410003,21119,50.62181,18.81479,0.463
GRID-0007,MV_line,22,2214003,2214003|1607004|1423006|2013002|0215004,11801,54.2049,19.09289,0.287
GRID-0008,MV_line,10,1015001,1015001|0415003|1822002|0419002|1436003,19851,52.18017,18.55219,0.411
GRID-0009,MV_line,28,2807005,2807005|1425006|1219002|0605005|0617003,29379,53.75764,21.1414,0.925
GRID-0010,MV_line,04,0412006,0412006|1203002|1805003|1201001|1802005,63336,52.71895,18.18508,0.828
GRID-0011,MV_line,14,1410003,1410003|1021004|3221004|0804005|3014006,57755,52.67107,19.22569,0.52
GRID-0012,GPZ,14,1416006,1416006|1428007|1813005|2210006|2212001|3205001|0207007|2601003,44351,52.12639,20.2528,0.376
GRID-0013,transformer,28,2815001,2815001|2206004,6615,53.73166,20.32995,0.599
GRID-0014,line_110kV,12,1219002,1219002|2603001|1222006|2817002|3209006|3021003|2435001|2430001|1809005|0421002|1605002|1019007|2407006|2220002,53145,50.45026,19.94641,0.303
GRID-0015,MV_line,12,1208005,1208005|0218005|2007006|0805003|3203003,23693,50.81957,18.99916,0.472
GRID-0016,MV_line,06,0623001,0623001|2806003|1819002|1809001|1217007,27786,51.16893,21.88245,0.357
GRID-0017,MV_line,24,2401002,2401002|3011002|1439003|1612006|3209006,22239,51.21438,19.00499,0.516
GRID-0018,MV_line,02,0214005,0214005|0805003|0813007|1803002|3032001,29800,51.06209,17.00322,0.637
GRID-0019,transformer,32,3220005,3220005|2202001,27146,52.96895,14.92727,0.319
GRID-0020,line_110kV,20,2012003,2012003|0408002|3009001|2015006|1020002|2603002|0611004|1802003|3032006|2423003|1442002|0602004|1010003|0609001,106871,53.29967,22.95203,0.53
GRID-0021,line_110kV,30,3021004,3021004|2612005|0216005|1019002|1202004|0411005|2015004|1430001|1206004|1222003|1434003|3002001|0411007|2425004,66098,52.25467,16.45986,0.148
GRID-0022,MV_line,04,0404005,0404005|1010004|1801002|2215004|2202001,123167,52.89192,18.04268,0.264
GRID-0023,transformer,10,1001007,1001007|3010003,12313,51.73672,19.81933,0.208
GRID-0024,MV_line,22,2220005,2220005|2017005|1206006|0624001|1206003,29246,53.35353,17.97949,0.319
GRID-0025,MV_line,16,1603002,1603002|1002007|3221002|3201005|1603005,15504,50.96454,17.29082,0.865
GRID-0026,line_110kV,32,3210002,3210002|1425002|1204001|0205003|0807004|2419003|0408004|2207005|1408004|3003001|1802004|3032005|2614002|2429002,179342,53.8866,14.79131,0.754
GRID-0027,MV_line,24,2431001,2431001|1432004|2426005|1813006|1438001,27182,50.06971,18.75396,0.559
GRID-0028,MV_line,22,2202001,2202001|2218004|1409006|1015001|2410001,31074,54.77811,18.52224,0.42
GRID-0029,MV_line,24,2427005,2427005|3032003|0603007|2203005|0226004,21714,49.89624,18.26705,0.219
GRID-0030,transformer,14,1404002,1404002|1424002,13239,52.68494,20.1999,0.88
GRID-0031,MV_line,30,3011002,3011002|1213001|2802001|2215006|3021004,23801,52.03824,15.53128,0.426
GRID-0032,transformer,06,0618007,0618007|0609004,18497,51.32926,22.49823,0.602
GRID-0033,transformer,28,2809004,2809004|2215001,14613,53.63314,19.97976,0.453
GRID-0034,line_110kV,24,2423001,2423001|2810004|0227001|2430005|0216005|0413006|2430003|2012003|1811005|2207005|1023006|2205006|0223001|0207002,90185,50.53357,19.22179,0.572
GRID-0035,line_110kV,14,1410005,1410005|1801003|2432001|2610001|2430001|0410007|0419003|3018004|1405006|2413006|0806001|2436004|1427003|1004003,71871,52.62247,19.58056,0.664
GRID-0036,transformer,10,1009006,1009006|1013005,3318,51.75786,19.56547,0.408
GRID-0037,line_110kV,14,1436001,1436001|1008004|0416003|0207004|1423007|0813006|2415006|1821004|1014001|1212006|0221002|3007004|1212004|2416006,87382,52.88142,19.75131,0.685
GRID-0038,transformer,02,0228007,0228007|0608002,3534,50.88995,16.69981,0.331
GRID-0039,MV_line,22,2201005,2201005|0401005|3217004|0203006|0229004,23539,54.24161,19.52121,0.463
GRID-0040,transformer,20,2009005,2009005|2007006,8073,53.5992,23.30414,0.72
GRID-0041,line_110kV,14,1403005,1403005|2403001|0217003|0209004|1807002|1022004|0407007|1215001|0604004|1008002|1007006|0226006|2218006|2815001,98278,52.67303,21.10199,0.665
GRID-0042,transformer,06,0611001,0611001|3027006,13981,51.55068,21.90744,0.996
GRID-0043,MV_line,10,1020007,1020007|2204006|2407002|0618005|1221007,26538,51.70365,20.12648,0.368
GRID-0044,line_110kV,12,1211001,1211001|1011005|0209006|2209005|1607001|0208001|2017006|1210004|2428003|1214006|0409005|1426007|2004001|0226005,41050,49.85825,19.89911,0.227
GRID-0045,transformer,04,0410003,0410003|1440004,17346,53.36297,18.40067,0.406
GRID-0046,MV_line,32,3217006,3217006|3010002|3032005|1010003|1411003,58929,53.33864,14.17582,0.374
GRID-0047,MV_line,06,0603004,0603004|0801006|1804003|1012005|1608001,22690,51.39645,22.8795,0.656
GRID-0048,GPZ,26,2608002,2608002|3208004|2421004|2013002|2814001|1222001|2808006|3210002,48506,51.74918,19.65774,0.31
GRID-0049,line_110kV,02,0208006,0208006|1602006|1402003|2407005|1406004|0417004|0406001|0804004|2007006|2805004|1437004|1204002|0812006|2008005,63669,51.10763,16.50728,0.349
GRID-0050,MV_line,12,1205005,1205005|3217003|2418001|1802003|0802004,41971,49.96946,19.6199,0.588
GRID-0051,MV_line,14,1426006,1426006|2820005|2218003|1432006|0214007,30026,52.90414,21.66506,0.867
GRID-0052,transformer,12,1220001,1220001|1811001,13003,50.03197,19.72548,0.601
GRID-0053,line_110kV,14,1405006,1405006|1409003|1216002|2012004|2821001|1610002|1017003|2417001|0204004|0408006|2614005|0411007|1022005|0401004,58356,52.45562,21.34924,0.74
GRID-0054,transformer,08,0806006,0806006|0601005,12012,52.51913,15.04956,0.404
GRID-0055,MV_line,10,1011005,1011005|1402002|2811004|0416006|2406001,23174,51.76878,19.84524,0
GRID-0056,MV_line,24,2434001,2434001|1407003|2404004|1013002|1409005,33932,50.34313,18.51015,0.363
GRID-0057,MV_line,14,1441003,1441003|1203006|1423001|2607004|0417006,33849,52.5326,20.79562,0.672
GRID-0058,MV_line,18,1822004,1822004|2436004|2416003|2403005|2810001,27281,49.64568,21.60702,0.539
GRID-0059,transformer,24,2411001,2411001|0212005,6303,50.99119,18.99455,0.293
GRID-0060,MV_line,20,2012004,2012004|1439005|3215003|3010006|0813003,109642,53.36267,23.00317,0.961
GRID-0061,transformer,30,3021004,3021004|2011006,9210,52.25467,16.45986,0.338
GRID-0062,MV_line,24,2431005,2431005|2008002|3027006|2607003|0413001,18007,50.01669,18.76235,0.463
GRID-0063,line_110kV,18,1804007,1804007|1024004|0814004|1020007|0203004|0208004|2806006|2007004|2614004|2211003|2219001|2204004|2006006|2014003,89715,50.08439,21.37687,0.307
GRID-0064,MV_line,26,2613003,2613003|0412005|2214002|0223006|0620006,9912,51.2281,20.11425,0.33
GRID-0065,transformer,20,2014006,2014006|1023005,7562,53.17142,22.96743,0.702
GRID-0066,transformer,24,2413001,2413001|2813001,6284,50.11317,18.57569,0.511
GRID-0067,MV_line,26,2612005,2612005|0404006|2015002|2404004|1408003,16591,51.13408,20.06889,0.644
GRID-0068,MV_line,14,1405006,1405006|0217004|0810004|1416007|2426001,15297,52.45562,21.34924,0.518
GRID-0069,line_110kV,08,0810002,0810002|3203006|1004004|0208002|0616003|0602001|2014004|2206004|3209002|0418001|2819001|1020004|2403006|1007001,51130,52.09271,14.92578,0.44
GRID-0070,line_110kV,24,2406004,2406004|2806006|3008001|2013003|3209002|1602002|2216001|0423001|0611007|3035001|1812002|0807004|1421003|1208005,129865,50.61988,18.24949,0.163
GRID-0071,MV_line,22,2206006,2206006|1008004|2614006|0201007|0604005,33025,54.68799,17.88658,0.403
GRID-0072,transformer,04,0411007,0411007|3002004,3850,53.30213,18.24447,0.447
GRID-0073,MV_line,22,2219005,2219005|1009006|1013002|2007006|1019001,19212,54.06925,17.84406,0.441
GRID-0074,line_110kV,08,0802005,0802005|2808002|0612004|2422005|3031002|1210003|1018005|1203005|0405004|1016007|1022002|1415006|2214002|2416001,65123,52.21013,15.58761,0.3
GRID-0075,transformer,06,0611007,0611007|0417005,5931,51.80499,21.88848,0.703
GRID-0076,GPZ,14,1435004,1435004|1425007|0408005|1810005|0218003|3208006|1401003|2605003,54637,52.12006,20.82985,0.715
GRID-0077,MV_line,26,2610003,2610003|0206004|0406006|1419005|0205002,23953,50.83742,21.02559,0.516
GRID-0078,transformer,32,3206005,3206005|0604005,59918,52.87679,13.73224,0.607
GRID-0079,MV_line,12,1209004,1209004|2008004|3220005|2820002|1419004,22489,49.48649,20.54295,0.358
GRID-0080,MV_line,26,2610006,2610006|3221005|2408003|1806007|2005002,69059,50.97583,21.08877,0.224
GRID-0081,transformer,18,1811003,1811003|1823005,26080,50.56025,21.67911,0.313
GRID-0082,MV_line,22,2207002,2207002|1820002|1803002|0606005|0202006,32585,54.56938,19.8413,0.399
GRID-0083,transformer,24,2427001,2427001|0805002,3918,49.82716,18.48386,0.16
GRID-0084,MV_line,02,0216001,0216001|1427004|1409004|2003005|2423005,40059,51.8178,16.79038,0.522
GRID-0085,MV_line,26,2603004,2603004|0202006|1610004|0210006|1823001,17469,50.75015,19.79922,0.389
GRID-0086,transformer,02,0227006,0227006|2418003,26165,50.78598,16.748,0.171
GRID-0087,MV_line,12,1222005,1222005|0418005|1814006|2407002|2604002,25643,50.12317,21.0725,0.424
GRID-0088,transformer,06,0606006,0606006|1024002,11291,51.40604,22.66263,0.886
GRID-0089,transformer,08,0807006,0807006|2809004,6274,52.4599,16.04044,0.374
GRID-0090,line_110kV,02,0219005,0219005|1440003|3018005|2433006|1008003|2419005|0615005|2608002|3013002|1404007|1406003|1209006|1009006|0423003,89898,51.19993,16.0472,0.165
GRID-0091,MV_line,06,0609006,0609006|1003006|1801001|2013006|1428001,59765,51.2793,23.3295,0.446
GRID-0092,transformer,12,1214007,1214007|0620001,35612,50.31407,19.78655,0.097
GRID-0093,transformer,08,0803004,0803004|0423007,14609,51.91616,14.82577,0.474
GRID-0094,transformer,18,1804006,1804006|3219002,12429,50.13248,21.23486,0.4
GRID-0095,MV_line,04,0408006,0408006|2012005|3027005|2413003|1222004,33388,53.05327,18.9104,0.516
GRID-0096,line_110kV,12,1216006,1216006|0422003|0613002|0423002|1809003|3213003|1020001|0615007|3035002|2003002|0622004|1605003|2011005|3203001,49653,50.00367,19.66968,0.648
GRID-0097,MV_line,02,0201007,0201007|3009005|1021001|2017001|2404003,59964,51.2211,16.29149,0.411
GRID-0098,transformer,16,1609001,1609001|2819006,8982,50.96306,19.21194,0.437
GRID-0099,MV_line,32,3219006,3219006|2205001|0206003|3011004|2429004,23425,53.90058,15.14291,0.368
GRID-0100,line_110kV,16,1606007,1606007|1214001|2806003|2426002|0810002|3219005|1429006|0809003|0221001|3218001|1609003|1602006|2808001|0620002,56003,50.97182,18.40102,0.773
GRID-0101,transformer,14,1424001,1424001|2605005,3247,52.60339,21.00342,0.633
GRID-0102,MV_line,12,1212002,1212002|0405003|1804007|0813003|1209002,22094,50.9782,19.4281,0.118
GRID-0103,transformer,12,1217005,1217005|1014006,16538,50.06775,19.72553,0.181
GRID-0104,transformer,26,2611006,2611006|1003002,5958,50.93451,19.52775,0.51
GRID-0105,MV_line,02,0213005,0213005|2403004|2602003|1814006|2202003,30844,50.94948,16.72055,0.095
GRID-0106,GPZ,22,2202001,2202001|1429002|1024002|3018002|2203006|0604007|0624005|1611002,47621,54.77811,18.52224,0.361
GRID-0107,transformer,32,3205003,3205003|1441007,10494,53.35619,14.72759,0.76
GRID-0108,MV_line,24,2427004,2427004|0804004|2416005|2608004|1434003,28995,49.71865,18.8309,0.586
GRID-0109,line_110kV,08,0808006,0808006|0206003|1824003|3202001|0607005|0810003|2009002|2406005|1008004|0403007|0604002|1819006|2602004|1015001,69999,52.16274,15.60136,0.335
GRID-0110,line_110kV,04,0401005,0401005|1808002|3214002|2411002|0810007|2210006|1407003|0220007|0617004|1404007|2205006|2612005|1441001|3216001,107854,52.71022,17.99595,0.391
GRID-0111,MV_line,10,1010007,1010007|0423004|2431005|2013001|1425001,16405,52.03038,20.40475,0.409
GRID-0112,MV_line,24,2419001,2419001|0616002|0419003|0619003|2613001,24792,50.57399,18.63764,0.059
GRID-0113,line_110kV,28,2813001,2813001|3035002|3035001|2606004|1424002|0603003|3213006|1015007|2014002|2609005|2411002|1438005|3034002|0621002,76618,54.51094,21.42488,0.822
GRID-0114,MV_line,06,0606002,0606002|1018002|2211006|0212004|2203006,23291,51.21473,22.32243,0.379
GRID-0115,transformer,30,3023005,3023005|2612005,43922,52.74677,15.40525,0.385
GRID-0116,MV_line,04,0408003,0408003|3012001|0620005|1207003|0616005,48174,53.10721,18.82497,0.928
GRID-0117,transformer,10,1015006,1015006|0204001,3487,52.12018,18.73834,0.383
GRID-0118,MV_line,30,3022006,3022006|0619007|0223007|0623003|3201005,21620,52.62674,16.80576,0.302
GRID-0119,MV_line,12,1206005,1206005|3028001|1414002|0221004|0420004,29356,49.68202,19.71612,0.667
GRID-0120,MV_line,06,0620007,0620007|3015005|1010003|2403006|0201001,21346,50.82912,22.56962,0.973
GRID-0121,MV_line,14,1409003,1409003|1435005|3008005|2418006|0805006,13375,52.03169,20.98159,0.684
GRID-0122,MV_line,32,3203001,3203001|2821006|1817004|3011004|2813005,26941,52.52616,13.69638,0.469
GRID-0123,MV_line,12,1208006,1208006|1402006|0222004|1020001|0806007,23433,50.9495,18.81394,0.96
GRID-0124,transformer,14,1439003,1439003|0802004,15190,52.423,21.78058,0.361
GRID-0125,MV_line,32,3220002,3220002|1822002|1426003|0623002|2403002,23001,52.98331,15.34651,0.528
GRID-0126,MV_line,04,0414004,0414004|2012005|1005004|2208002|2426004,24207,53.02522,18.26561,0.585
GRID-0127,transformer,04,0419006,0419006|0807006,12154,52.50268,17.80587,0.094
GRID-0128,line_110kV,30,3010001,3010001|1022006|2006002|3028006|2814002|1005007|2401005|0813006|1607001|2411002|2010006|0216002|3221002|1408006,98498,51.69544,16.94531,0.208
GRID-0129,line_110kV,04,0416003,0416003|0612003|3018004|2212006|0409005|1802006|0423001|1824006|1805002|1423007|0809005|1218001|1424001|0206006,66995,53.07623,18.54756,0.337
GRID-0130,MV_line,06,0605003,0605003|2010004|0609004|0620002|1012006,26889,51.10765,22.24537,0.789
GRID-0131,transformer,30,3003004,3003004|3211001,3296,53.01525,16.15473,0.551
GRID-0132,GPZ,26,2613003,2613003|3034005|1429001|3020005|1422005|0605007|0229001|1009007,48251,51.2281,20.11425,0.258
GRID-0133,transformer,16,1608001,1608001|1015006,3866,51.10517,17.86284,0.396
GRID-0134,transformer,18,1812005,1812005|3020005,11027,50.25947,22.22719,0.304
GRID-0135,transformer,32,3215001,3215001|2604005,10471,54.20737,15.1245,0.435
GRID-0136,line_110kV,32,3213004,3213004|2815005|0814007|0621007|0807004|2010005|3031004|1420004|0401007|2004006|1409006|2220005|2427005|1017001,103587,52.879,13.76215,0.408
GRID-0137,transformer,24,2414005,2414005|2808001,7369,50.04887,19.26999,0.289
GRID-0138,line_110kV,14,1431006,1431006|2820004|1219007|1442005|0421007|1442006|2212005|1604007|0423006|0417004|0415007|1404004|0602006|1006005,106012,52.08208,20.51428,0.559
GRID-0139,GPZ,32,3201006,3201006|3022003|2801004|0207002|2404004|2812003|0803006|2606004,40619,53.2136,14.05715,0.272
GRID-0140,MV_line,28,2805001,2805001|0620007|2211006|0209001|1021002,34930,53.39767,19.70459,0.843
GRID-0141,transformer,02,0205002,0205002|1812005,13305,51.08121,16.42579,0.614
GRID-0142,transformer,14,1406007,1406007|0225006,35480,51.74556,20.72051,0.762
GRID-0143,transformer,24,2421003,2421003|1217005,13611,50.37019,18.69974,0.591
GRID-0144,GPZ,10,1012003,1012003|2815006|1818003|0230006|2403005|2803003|2010006|1009006,41763,51.01626,19.58932,0.38
GRID-0145,transformer,20,2006006,2006006|1410002,5025,53.1982,24.04018,0.932
GRID-0146,transformer,30,3012002,3012002|1433006,15894,52.64236,16.97497,0.371
GRID-0147,MV_line,14,1439001,1439001|1210005|0202003|3032003|2203006,77828,52.33894,21.04263,0.531
GRID-0148,transformer,12,1213002,1213002|0221006,26737,50.13833,20.19752,0.091
GRID-0149,transformer,24,2431002,2431002|0404005,57464,50.08402,18.66293,0.551
GRID-0150,GPZ,18,1820001,1820001|1802002|1438005|1818005|0610005|0204001|1815006|1018007,37258,50.03412,21.22617,0.491
GRID-0151,MV_line,22,2209004,2209004|2409002|2801001|1201005|0420005,18331,54.37679,18.91659,0.309
GRID-0152,MV_line,30,3005003,3005003|2215004|0620004|2611006|0205001,27535,52.06172,16.94208,0.623
GRID-0153,transformer,10,1001001,1001001|1218003,11869,51.71829,20.18806,0.412
GRID-0154,MV_line,24,2436003,2436003|1825006|2407004|1016005|3010003,13432,50.78699,19.74206,0.412
GRID-0155,line_110kV,14,1421005,1421005|2415001|1004005|0805006|1818004|2411003|0204003|1822003|1202001|0612006|1020007|1430005|0224004|0802002,110564,52.70991,20.82189,0.404
GRID-0156,MV_line,22,2204004,2204004|0219004|1003006|1202004|2606003,25358,54.20807,18.9279,0
GRID-0157,line_110kV,14,1419004,1419004|3019005|2803003|0622004|1612001|2208001|2807005|2017004|0624007|0612002|0611001|0213003|0621006|1001001,105558,52.68398,21.32786,0.693
GRID-0158,MV_line,18,1812001,1812001|0401004|1810005|2408003|3216005,27224,50.08499,22.14375,0.445
GRID-0159,MV_line,02,0205005,0205005|1429001|2610006|0419003|2407006,23725,50.99366,16.33044,0.344
GRID-0160,MV_line,14,1408007,1408007|1019003|1409007|1428004|0615003,18983,51.98328,21.00612,1
GRID-0161,transformer,14,1418002,1418002|2408001,17888,52.42515,21.94956,0.47
GRID-0162,MV_line,12,1202001,1202001|2808001|1016001|1020003|3212005,46443,50.25394,20.37708,0.546
GRID-0163,line_110kV,08,0811001,0811001|2209001|0223004|1424002|1022004|0809004|2406002|0211003|1202006|0601002|0230006|2011005|2213002|3002004,100968,51.55023,15.41832,0.459
GRID-0164,transformer,16,1601003,1601003|1215006,10290,50.26724,17.8618,0.088
GRID-0165,MV_line,18,1806005,1806005|2813002|2406005|0401002|1442001,31099,49.80021,22.01566,0.281
GRID-0166,line_110kV,06,0612003,0612003|1816005|2220004|1408004|1609002|0228006|1016003|0224007|0201003|0401004|1610002|1210001|1430007|2601003,96782,50.70669,22.16041,0.654
GRID-0167,transformer,14,1427007,1427007|2409002,4759,51.84533,20.81661,0.418
GRID-0168,line_110kV,10,1018002,1018002|1825003|1805005|1442001|0613002|0604005|0208007|3020006|0624002|1803006|1823002|1823006|3211002|3005002,101868,52.05492,20.33387,0
GRID-0169,MV_line,32,3221006,3221006|1208007|3208001|2014003|0422001,15176,53.77341,15.01158,0.134
GRID-0170,line_110kV,06,0610002,0610002|0618003|0225001|3209004|1021004|1022007|2419003|0605006|0414006|3017002|1811002|1440003|2602006|1204002,105334,51.78262,22.7743,0.784
GRID-0171,transformer,30,3008003,3008003|0622006,13565,52.08856,16.73458,0.561
GRID-0172,MV_line,10,1022002,1022002|3026005|1814002|2002001|2421002,43211,51.87324,19.84797,0.315
GRID-0173,transformer,06,0616005,0616005|2608005,22184,51.37736,23.01784,0.864
GRID-0174,MV_line,24,2401002,2401002|0213006|1007005|3218002|1424003,55605,51.21438,19.00499,0.403
GRID-0175,MV_line,06,0623004,0623004|0406005|1021003|2206004|2803001,86300,50.98883,22.12221,0.766
GRID-0176,transformer,30,3007004,3007004|1006006,17454,51.58508,16.68465,0.481
GRID-0177,transformer,24,2414001,2414001|3028001,5418,50.06641,19.40106,0.357
GRID-0178,MV_line,22,2201004,2201004|1207001|1017005|0203001|1003005,12932,54.0911,19.72874,0.827
GRID-0179,line_110kV,30,3034004,3034004|2815002|2426001|2809001|3002004|1415004|1441004|1214007|1437003|1421001|3021001|0617005|1010001|1217001,51647,52.31153,15.91505,0.013
GRID-0180,MV_line,02,0227005,0227005|0223007|0810005|1426004|0801006,56815,50.52087,16.81395,0.457
GRID-0181,transformer,14,1422002,1422002|1409005,7746,51.99856,20.41852,0.875
GRID-0182,MV_line,12,1208007,1208007|1814003|2004001|1611007|0419005,15459,50.91862,18.93686,0.551
GRID-0183,line_110kV,30,3019001,3019001|2213006|1436004|1611007|0404004|0207001|1819006|1214003|1427005|1013003|1413006|0210002|3011001|3207003,89563,52.33528,16.31705,0.218
GRID-0184,transformer,06,0610002,0610002|1414005,11486,51.78262,22.7743,0.947
GRID-0185,MV_line,32,3221005,3221005|1215001|1611006|1421002|1205003,25595,53.8287,14.89568,0.274
GRID-0186,MV_line,32,3206002,3206002|1001001|2419005|1221005|2411003,52295,52.9572,13.73739,0.391
GRID-0187,line_110kV,20,2003005,2003005|0602006|2803005|1016002|2428005|1018002|1013001|1020004|3033001|2614001|1015004|1429001|0213003|1603004,78471,53.10933,22.35993,0.467
GRID-0188,transformer,10,1005003,1005003|1019007,6145,52.46285,19.42198,0.217
GRID-0189,line_110kV,04,0411005,0411005|1407004|2425005|2209006|0606005|3003005|0804003|0207007|3221001|0606003|2010001|2014002|0213001|0612003,66125,52.91485,18.08799,0.676
GRID-0190,transformer,02,0208007,0208007|0801003,20884,51.30519,16.55979,0.306
GRID-0191,transformer,14,1409003,1409003|0807004,4490,52.03169,20.98159,0.6
GRID-0192,GPZ,32,3218004,3218004|0610002|3014003|1808002|0420006|1204003|0805004|2607001,41219,53.00095,15.8197,0.696
GRID-0193,transformer,30,3028003,3028003|1601007,35357,51.83367,16.97109,0.145
GRID-0194,MV_line,18,1804001,1804001|0403005|3015002|1420004|0620001,64297,50.18536,20.74293,0.201
GRID-0195,transformer,02,0213003,0213003|3015006,25721,50.77454,16.5633,0.505
GRID-0196,line_110kV,14,1437005,1437005|0806007|0201005|1217002|0215001|1218005|2406005|2015002|0810002|1818003|1431006|1218002|2014005|0613006,124145,51.95279,21.19608,0.564
GRID-0197,line_110kV,26,2614006,2614006|1217003|0607004|1428007|1821001|0415005|1805002|0617002|1823002|0420005|0226003|3221006|0812003|1014002,47375,50.67448,20.88597,0.307
GRID-0198,MV_line,24,2407005,2407005|1016001|2405003|0811007|1440004,28629,50.55853,19.92944,0.684
GRID-0199,MV_line,14,1431007,1431007|1422005|2805006|2004001|1419003,39781,52.14175,20.31717,0.813
GRID-0200,transformer,04,0415005,0415005|0809006,7596,53.3174,18.72863,0.529
GRID-0201,line_110kV,16,1609003,1609003|2605005|0410003|0614002|3203004|2406006|1426007|0808005|0423007|1611001|0622005|1016003|2015001|1817006,56423,50.84411,18.92783,0.245
GRID-0202,MV_line,16,1608006,1608006|2217005|3219006|1805001|0804007,43943,51.21697,18.35088,0.439
GRID-0203,MV_line,14,1407007,1407007|2804004|3011006|3008004|2801003,38819,52.12044,21.31702,0.374
GRID-0204,MV_line,30,3007005,3007005|2014005|0419007|3205005|2403001,38076,51.82072,16.73525,0.513
GRID-0205,MV_line,30,3003006,3003006|0422001|1401005|1824001|0202005,21263,53.0513,16.10811,0.425
GRID-0206,transformer,12,1204007,1204007|1824004,7196,49.25768,19.78221,0.48
GRID-0207,MV_line,30,3025003,3025003|0612004|0405007|1815004|1823004,21082,51.67151,16.44398,0.288
GRID-0208,MV_line,08,0805004,0805004|3020004|2402004|1405007|1209003,36227,53.04157,15.03027,0.378
GRID-0209,GPZ,12,1217003,1217003|0616005|0807006|2009006|0216003|2405001|2005006|0402005,32311,50.33654,19.65062,0.791
GRID-0210,MV_line,06,0610001,0610001|2604005|3214004|1002004|0218005,16867,51.43313,22.93415,0.345
GRID-0211,MV_line,08,0809007,0809007|1407003|0416001|0208003|3032005,24215,51.9351,15.63586,0.277
GRID-0212,line_110kV,22,2219003,2219003|2435006|0805007|3004002|1439002|2436001|2216001|1807003|2418002|0208006|1431006|0613001|1001002|0406001,88676,54.15968,17.89692,0.379
GRID-0213,MV_line,02,0219006,0219006|2808005|1003006|0207003|2205005,32603,51.06396,16.48299,0.246
GRID-0214,MV_line,24,2404003,2404003|3022003|1414007|3034005|2807005,31071,50.36296,19.17473,0.269
GRID-0215,transformer,16,1601001,1601001|1001006,5998,50.15368,17.54867,0.29
GRID-0216,transformer,14,1423001,1423001|2009006,9224,52.58882,20.44398,0.503
GRID-0217,transformer,06,0621002,0621002|0403006,6494,51.08378,22.67994,0.541
GRID-0218,MV_line,12,1214001,1214001|0416002|2434006|2605001|1605002,36765,50.15322,19.61346,0.553
GRID-0219,transformer,22,2211005,2211005|0402007,5194,54.05092,18.91999,0.631
GRID-0220,MV_line,20,2005005,2005005|1421007|0611004|0609001|0416004,32012,52.96327,23.37085,0.604
GRID-0221,MV_line,18,1824005,1824005|0217003|1404002|1429001|1005002,19323,49.33272,21.91974,0.63
GRID-0222,line_110kV,30,3013006,3013006|3216005|0207003|1602007|1019006|3020005|1204001|0219007|1404005|1421004|0420006|3033003|3029005|0227002,82022,52.12522,16.10242,0.36
GRID-0223,transformer,30,3029001,3029001|0227006,7175,53.00671,16.47777,0.322
GRID-0224,MV_line,02,0229001,0229001|0205007|1820004|1429002|2206006,22207,51.15911,17.67962,0.136
GRID-0225,line_110kV,28,2806004,2806004|1820001|0623006|0604007|1803007|2213002|2808006|0607001|2807006|0811007|0214007|3210001|2013001|2604005,59653,54.05217,20.73553,1
GRID-0226,transformer,32,3209003,3209003|1433006,9688,53.60548,14.89619,0.598
GRID-0227,line_110kV,10,1004003,1004003|0417001|0602005|1221004|1212002|0806003|1004002|2807004|2817004|3001003|1810002|2420004|0624006|1808004,85802,51.22003,20.12914,0.589
GRID-0228,MV_line,14,1434002,1434002|0224003|2016005|1403007|1208002,15306,51.27015,20.76683,0.74
GRID-0229,transformer,04,0414007,0414007|2804005,4747,52.78684,18.54258,0.033
GRID-0230,transformer,06,0604007,0604007|1603001,14182,51.06415,21.92195,0.753
GRID-0231,transformer,30,3017005,3017005|2805005,8727,52.84771,17.10787,0.496
GRID-0232,MV_line,06,0603001,0603001|1436007|1004004|0410007|1427007,50014,51.27508,22.63942,1
GRID-0233,MV_line,32,3202005,3202005|0412005|1014006|2429005|1414007,34478,53.15449,15.36938,0.672
GRID-0234,transformer,26,2602002,2602002|0806002,6121,50.2295,19.73228,0.185
GRID-0235,transformer,06,0620004,0620004|0224002,5220,50.81175,22.46175,0.367
GRID-0236,transformer,18,1825002,1825002|2214003,3861,49.5724,21.95113,0.266
GRID-0237,MV_line,06,0623004,0623004|1605004|2007002|0419006|2217002,52579,50.98883,22.12221,0.775
GRID-0238,MV_line,28,2810004,2810004|0404003|1407002|3027001|0205005,14825,53.85553,20.13985,0.618
GRID-0239,transformer,08,0814004,0814004|2008005,4751,52.64831,15.93451,0.131
GRID-0240,MV_line,10,1002005,1002005|1216004|2017002|2430005|0602005,29119,51.76756,20.282,0.48
GRID-0241,MV_line,18,1815003,1815003|2432004|0611006|0421002|1015004,66344,49.38234,20.97988,0.561
GRID-0242,transformer,06,0611003,0611003|2410006,5500,51.83795,21.93358,0.821
GRID-0243,MV_line,12,1202006,1202006|1607005|1810006|3221005|2611001,18167,50.26332,20.60938,0.386
GRID-0244,transformer,12,1210003,1210003|0614007,9893,51.26903,19.84442,0
GRID-0245,MV_line,14,1426007,1426007|1001001|2435006|0809002|1210007,45106,52.9662,21.47345,0.638
GRID-0246,MV_line,16,1609003,1609003|2011005|0407004|1823006|2408005,20258,50.84411,18.92783,0.629
GRID-0247,line_110kV,26,2602003,2602003|0214003|2403006|1421007|1411004|1013001|0419007|0806007|0411004|1424002|2211005|0418006|1438004|2423003,91267,49.99574,19.99898,0.429
GRID-0248,MV_line,24,2401005,2401005|1017005|0402004|0602001|2407005,10682,51.1997,19.02937,0.614
GRID-0249,transformer,18,1810004,1810004|1006002,8567,49.90194,21.78716,0.388
GRID-0250,MV_line,12,1202002,1202002|2607006|2603005|3009005|1004001,32985,50.29216,20.44104,0.449
GRID-0251,MV_line,24,2413003,2413003|2017005|0206006|3027001|3216005,22264,50.02404,18.21667,0.84
GRID-0252,GPZ,12,1202002,1202002|0808005|1611004|1607002|0209003|0812001|2428002|0810003,59467,50.29216,20.44104,0.775
GRID-0253,transformer,28,2806001,2806001|2212004,6078,54.13907,20.9254,0.651
GRID-0254,MV_line,14,1417006,1417006|2422005|0621004|2421006|3204001,14538,51.85592,21.33214,0.561
GRID-0255,GPZ,06,0605001,0605001|2402001|3016006|1007002|3219003|2009006|1212004|1814005,39310,51.25112,22.09545,0.288
GRID-0256,transformer,12,1208006,1208006|0209003,36933,50.9495,18.81394,0.653
GRID-0257,transformer,20,2004006,2004006|1440005,6258,52.80955,23.50454,0.953
GRID-0258,MV_line,16,1601005,1601005|2805006|2426003|2217005|2215002,41959,50.30045,18.16579,0.263
GRID-0259,MV_line,18,1817002,1817002|2405006|3001002|1806004|0614003,26572,49.76038,22.10101,0.462
GRID-0260,MV_line,10,1012007,1012007|1013004|3021004|3215002|1005002,49160,51.26358,19.48154,0.356
GRID-0261,MV_line,30,3014005,3014005|2413005|1429006|0606001|0422002,36244,52.90601,17.32277,0.738
GRID-0262,GPZ,06,0608006,0608006|2215006|0608005|2804001|3016001|0606003|2418003|2808005,60487,50.82182,22.87787,0.493
GRID-0263,transformer,32,3205006,3205006|2402002,16970,53.59717,14.93876,0.374
GRID-0264,line_110kV,12,1209007,1209007|3020005|2012002|0614007|1024004|2435005|0620006|1816004|2431006|2217001|2205003|0205004|2007006|1217001,73699,49.642,20.91645,0.296
GRID-0265,MV_line,28,2811004,2811004|1601007|2218002|1405003|0203004,35054,53.73529,21.56685,0.384
GRID-0266,GPZ,22,2218002,2218002|0813006|2007005|2819003|3218005|1607006|1806001|1009006,36701,54.97001,19.17794,0.028
GRID-0267,transformer,30,3034005,3034005|3023004,6661,52.30413,16.26858,0.623
GRID-0268,line_110kV,22,2202003,2202003|0401002|3203004|2408001|0623003|2201005|1011005|2210003|1608002|2818002|1002005|2413005|1221002|0606002,66129,54.71108,18.23448,0.186
GRID-0269,MV_line,06,0621007,0621007|2202005|1416002|3021004|1003001,58221,51.00327,22.64425,0.735
GRID-0270,line_110kV,16,1610005,1610005|0216001|2413005|0207006|3214002|0813004|0217002|3015002|0417001|3034004|2013002|0215006|0624003|2424006,58378,50.51793,16.62177,0.348
GRID-0271,line_110kV,18,1821004,1821004|1437006|1023003|3009005|1407004|2010002|1416003|0401002|1424007|0419004|0808001|0214004|3204005|0608004,96895,49.74588,21.15986,0.505
GRID-0272,MV_line,06,0612007,0612007|0619006|0610005|0806007|1429002,34361,51.01321,22.49952,1
GRID-0273,transformer,14,1417003,1417003|0416002,8671,52.17138,21.94039,0.898
GRID-0274,transformer,28,2802004,2802004|2201006,4984,52.9808,20.93053,0.289
GRID-0275,MV_line,06,0606007,0606007|2217004|0414001|2611002|0415005,11949,51.35754,22.45615,0.2
GRID-0276,MV_line,12,1209001,1209001|1605004|2422006|1004002|1015002,39122,49.72934,20.98221,0.511
GRID-0277,GPZ,14,1438006,1438006|3031003|0219003|0616005|1811002|1813006|2609004|3218005,92841,51.71601,21.49197,0.477
GRID-0278,GPZ,30,3017002,3017002|1412007|0619002|1022006|0218003|3010001|0214004|2818005,76313,52.50643,17.24305,0.413
GRID-0279,transformer,28,2814004,2814004|2001002,11958,53.70784,19.18865,0.685
GRID-0280,transformer,06,0615002,0615002|1801005,4657,50.64173,22.24667,0.762
GRID-0281,line_110kV,08,0805001,0805001|1420005|1424001|2607006|1202005|0601006|1815001|3020004|1436002|2434001|2803004|2412006|2815001|2208002,71695,52.94506,14.68019,0.493
GRID-0282,line_110kV,10,1022007,1022007|1428004|2203003|0608002|3207004|3210002|1604003|1006007|1206004|2612002|2411001|2419005|2404003|3216002,123277,51.65171,19.58394,0.593
GRID-0283,transformer,14,1422007,1422007|2013004,2800,52.29927,20.61614,0.535
GRID-0284,line_110kV,24,2408002,2408002|2007003|0408005|2421006|1007007|0220006|2814002|1412001|3209005|2214006|1435006|3221003|3006002|1817004,66592,49.86194,18.59801,0.577
GRID-0285,GPZ,22,2207001,2207001|1610006|2408002|1018006|1821003|1407004|0413004|1211007,42645,54.41466,19.97364,0.506
GRID-0286,MV_line,20,2005006,2005006|0619004|0206005|1608003|0207003,35323,53.01264,23.19976,0.334
GRID-0287,line_110kV,18,1802004,1802004|1610002|1222001|3027004|0409006|2015003|1429007|3219006|1210002|3004001|1213002|0608002|3027001|1426005,76654,49.50483,21.51564,0.58
GRID-0288,MV_line,04,0414006,0414006|2412002|1607007|1609003|1201007,15134,52.75438,18.51246,0.23
GRID-0289,GPZ,12,1201003,1201003|2805004|0228003|1424005|2402005|0617006|0620005|2424002,44862,49.35625,19.6146,0.138
GRID-0290,MV_line,10,1010001,1010001|2013004|1402003|3202004|0213004,24760,51.85039,20.56311,0.314
GRID-0291,GPZ,14,1430006,1430006|0203006|2430003|1430003|0624005|2210001|0222005|3008003,41766,51.96276,20.6505,0.432
GRID-0292,GPZ,30,3004002,3004002|0411005|2435006|0603005|2218004|1440001|1424006|1607005,52021,52.55491,17.60831,0.377
GRID-0293,MV_line,18,1813002,1813002|1605002|2802002|0228004|2203005,33037,50.09549,22.22816,0.391
GRID-0294,MV_line,14,1438005,1438005|2801006|0619001|2007003|0608001,61243,51.5408,22.03296,0.576
GRID-0295,line_110kV,02,0218001,0218001|0805002|0609004|1610007|2412004|1218004|1009005|0422004|1021006|2003006|3011001|0203007|0401006|1415007,103620,51.33726,17.62363,0.078
GRID-0296,line_110kV,02,0226002,0226002|0414007|1418003|1802005|2011002|1421007|1009005|0804005|3207003|2429005|0618002|0621007|1608006|0810005,76125,51.3285,17.25446,0.787
GRID-0297,transformer,32,3207006,3207006|2420002,6898,53.7242,14.72101,0.32
GRID-0298,MV_line,06,0619005,0619005|3203005|2605003|2613005|1428002,42496,50.42961,22.88227,0.82
GRID-0299,transformer,16,1610003,1610003|1218002,3245,50.50162,16.54215,0.656
GRID-0300,line_110kV,06,0601006,0601006|0419004|1818001|3025003|1405006|1206004|0416005|0414007|2802005|0406002|1210003|0208005|1212004|2434005,51528,50.74482,22.43841,0.595
GRID-0301,line_110kV,20,2015001,2015001|1809004|1208001|3212002|3004003|2816001|1605003|1604004|2425001|0814001|2809004|0609006|0624001|1214001,47291,53.35107,22.50892,1
GRID-0302,MV_line,18,1825003,1825003|2815005|1204006|2208003|1019007,34195,49.78379,22.58879,0.64
GRID-0303,line_110kV,04,0411002,0411002|1601006|3203002|0607006|0810002|2429006|0610005|0612004|1404006|0210005|2429005|1019004|1420001|0217006,52236,53.34422,18.05371,0.852
GRID-0304,MV_line,26,2604002,2604002|1817003|1419003|0617002|3019006,16832,51.13256,21.68894,0.614
GRID-0305,MV_line,04,0420002,0420002|0812001|2206001|2807006|2409002,32699,53.1908,17.8582,0.442
GRID-0306,MV_line,28,2811006,2811006|1423004|2004004|0605002|0229006,11469,53.50515,21.15719,0.679
GRID-0307,transformer,20,2013002,2013002|1023004,3487,53.59251,22.92973,0.461
GRID-0308,line_110kV,14,1436001,1436001|3214005|1425004|3005005|2802001|2819002|2411001|0611007|0230002|1409005|0612007|1214004|0615003|0402001,85654,52.88142,19.75131,0.82
GRID-0309,MV_line,02,0221007,0221007|0409004|3007003|0607001|1425002,20505,51.25855,17.6145,0.136
GRID-0310,transformer,12,1218004,1218004|2202005,6490,50.44722,20.4582,0.225
GRID-0311,line_110kV,22,2203003,2203003|2803002|1206003|1010001|1205001|1814003|1432004|3216002|0202006|0603002|1018003|2808005|2604004|1442005,99896,54.6117,18.4062,0.541
GRID-0312,line_110kV,14,1403005,1403005|1007004|1019005|1804003|2425006|0806007|0208004|2603001|2407002|1805004|0213002|1013007|1418003|0416001,84428,52.67303,21.10199,0.951
GRID-0313,MV_line,10,1009007,1009007|3214005|1817004|2602004|3207002,31073,51.84029,19.38238,0.55
GRID-0314,MV_line,02,0201005,0201005|2601005|0612001|0227004|0211002,17810,51.22304,16.09353,0.136
GRID-0315,MV_line,30,3031003,3031003|1219005|3002005|2808004|1007007,55595,52.29263,17.32819,0.474
GRID-0316,transformer,08,0809006,0809006|1442002,11172,51.97988,15.79403,0.658
GRID-0317,MV_line,18,1806003,1806003|3016005|1414005|2611002|1412003,53820,49.74119,22.22994,0.394
GRID-0318,MV_line,18,1825006,1825006|1440002|1805002|2818005|3215006,31992,49.51035,22.57338,0.215
GRID-0319,line_110kV,26,2609005,2609005|0213001|0810004|2215002|1214007|0806007|1821001|2805001|0219001|1406007|3203003|2409002|1822004|1206006,89920,50.22571,20.48142,0.694
GRID-0320,line_110kV,04,0423002,0423002|0611002|1424002|3016001|2421006|3003006|1012003|1419002|1815002|1803006|2202001|3211003|2220001|1425005,103506,52.63346,18.27014,0.528
GRID-0321,line_110kV,16,1602007,1602007|2820002|1811004|0619007|2411001|2425005|3031001|1814001|1432006|0612004|0205007|2805005|0810001|2433004,87165,50.54897,18.18474,0.226
GRID-0322,MV_line,08,0811007,0811007|3025002|1005002|1441005|2611004,25576,51.64858,15.60234,0.566
GRID-0323,GPZ,14,1432005,1432005|0210001|2425001|0224007|1213002|1429005|3214001|0620002,37106,51.72225,21.40104,0.801
GRID-0324,MV_line,04,0402001,0402001|2408006|1817004|0201003|0230002,25687,53.10686,19.01643,0.316
GRID-0325,line_110kV,14,1411001,1411001|2807006|3026006|0814006|0421003|1422003|0807004|1201001|2410001|3208005|0418002|1434002|1214001|0219006,61457,52.25541,20.83322,0.848
GRID-0326,transformer,26,2602002,2602002|2015006,62422,50.2295,19.73228,0.309
GRID-0327,MV_line,24,2403004,2403004|1416007|1440006|3216005|1603006,22799,49.34663,18.56118,0.581
GRID-0328,MV_line,10,1011003,1011003|3203006|0805004|1202006|1410003,27060,52.08097,19.86829,0.467
GRID-0329,MV_line,08,0803003,0803003|1440002|1442004|0421001|1437007,22725,52.00658,14.74315,0.376
GRID-0330,transformer,30,3031001,3031001|3016005,11516,52.28158,17.40537,0.479
GRID-0331,MV_line,10,1017003,1017003|0604002|0805001|3003004|2416006,23358,51.8314,20.00075,0.492
GRID-0332,MV_line,16,1605003,1605003|2434006|1818006|2407001|2433004,27953,50.38294,17.68621,0.407
GRID-0333,transformer,24,2402002,2402002|0217002,27006,50.05676,19.50298,0.235
GRID-0334,GPZ,30,3025005,3025005|0422006|0806002|1440007|1405007|3205003|2814005|2006006,29792,51.30313,16.18236,0.542
GRID-0335,MV_line,06,0622004,0622004|1435005|0402003|2203002|0621005,27699,51.63275,22.90172,0.522
GRID-0336,MV_line,22,2210002,2210002|2818005|2429003|0402006|0420004,34163,54.38617,18.9552,0.562
GRID-0337,line_110kV,04,0403001,0403001|1805001|3214006|0604007|1434001|3030002|2607006|1803007|0406005|0619001|3208002|2813006|0402001|1205007,102575,53.31689,18.61957,0.204
GRID-0338,line_110kV,28,2817004,2817004|0803006|1216006|0814004|1440001|1603007|0204006|2610002|1203004|0615001|0410003|0201001|0813004|3221003,85400,54.16313,20.72274,1
GRID-0339,MV_line,06,0618006,0618006|1205004|0608005|2602004|0215003,26323,51.302,22.05113,0.599
GRID-0340,MV_line,28,2810003,2810003|0619002|1439004|2211003|2609003,57248,53.90284,19.75054,0.824
GRID-0341,transformer,10,1017005,1017005|1416003,3927,51.6581,19.82259,0.391
GRID-0342,transformer,24,2414006,2414006|2410002,5538,50.12715,19.44955,0.237
GRID-0343,MV_line,08,0809005,0809005|0806007|1404006|1009007|2814003,20093,51.99586,15.89575,0.465
GRID-0344,line_110kV,30,3017003,3017003|1433005|1433003|0606004|3211001|2801005|2002006|1425001|2202002|2015004|0610006|2431006|2219005|2405002,84655,52.64384,17.32021,0.561
GRID-0345,GPZ,08,0810005,0810005|0618003|3029003|2201001|0207004|3205003|1441002|0220007,65014,52.03183,14.96575,0.61
GRID-0346,GPZ,24,2418004,2418004|0805004|2434004|2428001|1426001|0206003|1002005|1821003,52963,49.63677,18.2422,0.377
GRID-0347,transformer,28,2806006,2806006|1209003,25216,54.1087,20.42257,0.803
GRID-0348,transformer,18,1815002,1815002|2201005,23199,49.44076,21.02639,0.808
GRID-0349,GPZ,28,2815003,2815003|1817003|3028004|1808005|2428006|0805007|1426007|1441002,37345,53.73113,20.24232,0.618
GRID-0350,GPZ,22,2204001,2204001|2009002|2601002|1015004|3202003|2811002|3002006|1415005,66992,54.239,18.74734,0.622
GRID-0351,MV_line,06,0623006,0623006|3205004|1814005|3208002|2210005,24770,50.91231,22.05145,0.675
GRID-0352,GPZ,04,0410004,0410004|1221005|0604004|0610002|2806001|2604003|1611003|1221004,90407,53.10757,18.58411,0.267
GRID-0353,line_110kV,14,1402004,1402004|2014003|2401006|0408005|0407002|1410004|0614007|0222007|0413005|2416004|2007005|0218002|1609007|0610007,109635,51.57256,20.20768,0.499
GRID-0354,MV_line,24,2422001,2422001|3024001|1202007|1024004|1411006,32254,50.69262,19.48695,0.489
GRID-0355,MV_line,26,2614003,2614003|1217007|1203006|1004006|2411003,69195,50.67389,20.80663,0.556
GRID-0356,transformer,30,3004006,3004006|0421003,9045,52.60226,17.4323,0.258
GRID-0357,GPZ,32,3206004,3206004|1205001|0220004|0806002|0204001|1822004|2213005|3032001,79797,53.01243,13.95462,0.353
GRID-0358,transformer,30,3017002,3017002|1018004,33624,52.50643,17.24305,0.636
GRID-0359,MV_line,30,3004005,3004005|3033004|2602004|2807001|1817004,24764,52.64486,17.23361,0.601
GRID-0360,MV_line,18,1820004,1820004|0804005|0410003|2414005|2407001,9371,50.21351,21.33277,0.118
GRID-0361,transformer,20,2008006,2008006|0416006,7211,53.3794,22.95027,0.796
GRID-0362,transformer,06,0622003,0622003|0607001,8504,51.48559,22.77517,0.508
GRID-0363,MV_line,06,0617001,0617001|3219005|3013002|1803005|0214002,21760,51.9757,23.88645,0.85
GRID-0364,transformer,12,1217001,1217001|1411001,5184,50.18156,19.289,0.476
GRID-0365,transformer,22,2201005,2201005|1002003,17991,54.24161,19.52121,0.216
GRID-0366,GPZ,14,1432004,1432004|1405002|2818004|2806004|1604005|2207005|0404002|3016006,45011,52.1559,20.98628,0.32
GRID-0367,MV_line,06,0612007,0612007|0218004|0219007|1807006|2402006,20063,51.01321,22.49952,0.536
GRID-0368,line_110kV,14,1416005,1416005|0805004|1205004|3017004|1802007|0407004|1401007|2802001|0413005|3029001|0221005|1813002|0412003|2219002,81342,52.02419,20.16683,0.748
GRID-0369,transformer,32,3217004,3217004|3020004,13121,53.26254,14.62369,0.146
GRID-0370,transformer,26,2606001,2606001|0225003,18503,50.90355,21.2944,0.315
GRID-0371,GPZ,06,0608007,0608007|1217006|1816002|2409005|2605002|1441004|1219002|0213004,94424,50.58108,22.47191,0.394
GRID-0372,GPZ,04,0403003,0403003|3008006|2011001|0211005|3021003|2608002|0401004|2016003,42252,53.41324,18.81102,0.687
GRID-0373,MV_line,20,2009005,2009005|2406004|3019002|0804005|0615005,15895,53.5992,23.30414,0.841
GRID-0374,line_110kV,24,2414001,2414001|1817002|1023003|1811003|2413002|0404007|1403003|1221006|0601006|3210006|0206007|1218007|2217001|3010002,90756,50.06641,19.40106,0.24
GRID-0375,GPZ,30,3031006,3031006|1410002|0404002|0415006|0622002|2414004|1015005|1429003,37932,52.25031,17.48086,0.337
GRID-0376,MV_line,02,0226005,0226005|1406007|1435001|0623007|2206005,32133,51.46139,16.98493,0.591
GRID-0377,MV_line,26,2605006,2605006|0415005|1410003|3015002|1206004,24386,50.34543,20.16175,0.334
GRID-0378,transformer,28,2803001,2803001|1214007,9844,53.39285,20.41999,0.801
GRID-0379,transformer,24,2417006,2417006|3020004,26493,49.709,18.31371,0.35
GRID-0380,transformer,14,1435002,1435002|3003005,12553,52.20005,21.2209,0.661
GRID-0381,MV_line,14,1420004,1420004|2808006|0609001|0402005|1813005,22585,52.77776,21.35917,0.707
GRID-0382,transformer,22,2215004,2215004|1427005,11751,54.20548,19.10511,0.631
GRID-0383,line_110kV,04,0416007,0416007|2820005|1220007|1442004|3021004|1209003|0619006|2006003|0807001|0221007|1401004|2415005|2424006|0614006,72941,53.33205,18.79079,0.224
GRID-0384,MV_line,02,0213004,0213004|1422002|1426005|3210005|2014003,19053,51.11573,16.65743,0.519
GRID-0385,transformer,14,1439006,1439006|0405007,9260,52.2742,21.43457,0.705
GRID-0386,transformer,14,1427003,1427003|2803002,18684,51.48473,20.77713,0.743
GRID-0387,transformer,02,0212001,0212001|2418002,8447,51.54094,16.61438,0
GRID-0388,line_110kV,02,0226007,0226007|1017007|2409003|3007005|0401005|1442004|0219003|3013006|1814004|0216002|1806006|1417005|3212004|1212005,74285,51.30318,17.1015,0.253
GRID-0389,MV_line,02,0217001,0217001|2407001|0404003|0611007|3021006,31486,51.01176,16.36439,0.284
GRID-0390,transformer,20,2017001,2017001|3009002,14731,52.59222,22.83339,0.592
GRID-0391,MV_line,24,2431004,2431004|2819003|1416002|1005001|2012003,19770,50.48118,18.73604,0.336
GRID-0392,transformer,24,2434002,2434002|0801002,36371,50.38802,18.76737,0.587
GRID-0393,MV_line,02,0209007,0209007|0421001|1410002|3014005|1437001,15299,51.09195,16.63222,0.367
GRID-0394,MV_line,18,1807004,1807004|1424004|1824001|1421002|1410005,18748,50.19917,22.16191,0.442
GRID-0395,line_110kV,02,0208002,0208002|1609006|1418006|1014005|2418001|2431001|0211001|2415003|0206002|2433004|0222005|1822001|2606006|3024001,46648,51.15737,16.40764,0.453
GRID-0396,MV_line,12,1213004,1213004|0417004|1425006|3020004|1605006,26991,49.72142,20.38627,0.958
GRID-0397,MV_line,04,0408004,0408004|1425005|1415007|2803001|0622004,23528,52.82361,18.96564,0.112
GRID-0398,MV_line,12,1219001,1219001|0230001|1222002|0614007|0223004,24777,50.2774,20.1904,0.126
GRID-0399,MV_line,10,1017006,1017006|3205001|1607005|0225004|3021006,20750,51.62219,20.18821,0.398
GRID-0400,GPZ,12,1219003,1219003|1414005|0210004|1818003|3013001|0227002|3219001|1401003,36260,50.37333,20.2531,0.743
GRID-0401,line_110kV,18,1815006,1815006|2418001|0614002|2814001|0416003|1402005|1205003|1612005|3033004|2005005|2219001|0412006|2406002|1429005,98476,49.59143,20.89109,0.222
GRID-0402,GPZ,08,0807006,0807006|1806001|2213005|2007006|2436003|1436001|0219002|1003006,38077,52.4599,16.04044,0.2
GRID-0403,GPZ,20,2003004,2003004|3212005|0215007|0610002|1209006|1605002|2813006|2812001,56367,52.85466,22.49778,0.558
GRID-0404,transformer,32,3206001,3206001|2010005,7732,52.96058,14.19449,0.37
GRID-0405,GPZ,32,3206006,3206006|2012002|0416007|0416002|1217003|3030001|2808006|3201002,47024,52.79527,14.06141,0.373
GRID-0406,transformer,30,3018003,3018003|0618007,14446,53.08192,16.51772,0.666
GRID-0407,transformer,30,3004003,3004003|3002002,4818,52.43117,17.21234,0.119
GRID-0408,MV_line,28,2820003,2820003|1024001|3201006|1435004|1406006,43040,53.61337,20.38004,0.718
GRID-0409,line_110kV,18,1802003,1802003|1221001|2426003|1606002|0615004|1405001|2418006|2215001|0417005|1817003|3026005|2810003|0415006|1824003,75835,49.33353,21.48461,0.564
GRID-0410,MV_line,26,2609005,2609005|2401001|1220004|3032006|0621003,13463,50.22571,20.48142,0.705
GRID-0411,line_110kV,30,3011002,3011002|3208003|0804006|1416003|1431007|1810003|1605005|0617001|0418005|2214001|2402004|2809006|0810006|3202003,118027,52.03824,15.53128,0.393
GRID-0412,MV_line,28,2802004,2802004|1015002|2425001|0210001|1007005,21065,52.9808,20.93053,0.611
GRID-0413,MV_line,06,0618005,0618005|2435006|0607001|0621007|0220007,54571,51.20575,21.84522,1
GRID-0414,GPZ,24,2409005,2409005|0413006|0801004|2816005|3005004|2017001|2403003|1819001,136029,50.88237,18.73304,0.358
GRID-0415,MV_line,06,0622005,0622005|1405002|1435005|0617005|1807001,26450,51.7366,22.79085,0.561
GRID-0416,MV_line,18,1806007,1806007|0227004|0414002|1819003|2421004,37276,50.00687,22.47863,0.534
GRID-0417,MV_line,22,2214002,2214002|1433002|2604006|0802006|1017003,28010,54.35034,18.79012,0.404
GRID-0418,transformer,32,3211004,3211004|0420001,5237,53.04689,13.47794,0.412
GRID-0419,transformer,08,0813001,0813001|3214001,19315,52.01673,15.85766,0.338
GRID-0420,MV_line,20,2004005,2004005|2011001|1609004|2414004|1013003,17829,52.89405,23.30514,0.828
GRID-0421,transformer,28,2812003,2812003|0604005,8531,53.45882,19.0896,0.969
GRID-0422,MV_line,12,1221007,1221007|0229002|3029002|2818004|3002005,45769,49.89358,20.07789,0.347
GRID-0423,MV_line,32,3204006,3204006|1430007|1610007|2014003|1608003,30025,52.99155,15.4073,0.581
GRID-0424,transformer,10,1014003,1014003|1209002,9376,51.27647,19.31795,0.372
GRID-0425,MV_line,24,2409001,2409001|1605007|0606002|1814002|1430005,29713,50.78543,18.85247,0.445
GRID-0426,line_110kV,10,1006007,1006007|2611003|2414005|1216007|1009001|1432006|1415006|0610001|1221004|1427001|0806004|0604002|1207001|3021001,56033,51.74706,20.32212,0.393
GRID-0427,transformer,28,2812003,2812003|3217005,7556,53.45882,19.0896,0.665
GRID-0428,transformer,02,0224002,0224002|3011003,3485,51.43008,17.11536,0.298
GRID-0429,GPZ,10,1024002,1024002|2004003|1204007|1428007|3034001|2406002|2418006|2820005,37139,51.48394,19.60842,0.776
GRID-0430,transformer,06,0621006,0621006|0612001,10461,51.06098,22.65809,0.558
GRID-0431,MV_line,06,0618002,0618002|2801006|1417007|0421006|0804001,34811,51.37691,22.24284,0.49
GRID-0432,transformer,14,1426007,1426007|1818004,8966,52.9662,21.47345,0.787
GRID-0433,transformer,04,0417002,0417002|0414004,11398,52.7044,18.59419,0.525
GRID-0434,line_110kV,18,1801003,1801003|1425004|2424005|2815002|0414003|1606002|0223004|2411001|0606006|2821001|1607006|1021003|3025002|0221006,97042,49.4174,21.07951,0.252
GRID-0435,line_110kV,02,0205005,0205005|2008006|1214006|1024004|1419002|2436001|0812005|2609006|1019004|2804002|1429003|0801001|1202002|0422007,75893,50.99366,16.33044,0.359
GRID-0436,transformer,28,2817004,2817004|0202007,4773,54.16313,20.72274,1
GRID-0437,GPZ,24,2411004,2411004|1208001|1014002|0223005|2220004|1417007|2011005|3207005,29567,50.85425,18.64283,0
GRID-0438,MV_line,14,1401003,1401003|3006002|1015003|1439005|1221005,22815,52.76244,21.29639,0.508
GRID-0439,MV_line,14,1434007,1434007|2202006|3217002|1820006|3015001,52915,51.41072,21.28265,0.543
GRID-0440,MV_line,26,2607004,2607004|0613006|1432001|2401004|2420003,68172,50.30317,21.06182,0.499
GRID-0441,line_110kV,16,1612003,1612003|0615006|1013001|2432003|1608005|0614004|1814003|2206006|0622007|2609003|2613001|3219003|2216003|1401003,61236,50.75965,18.71007,0.587
GRID-0442,MV_line,02,0217007,0217007|1211007|2214003|0406005|3028001,20697,50.63117,16.46799,0.516
GRID-0443,line_110kV,16,1611001,1611001|2215006|2202003|2416006|2405003|2207002|1416004|0402007|1421001|2610004|1214001|1809001|0227005|1602004,61298,51.3203,17.53239,0.286
GRID-0444,MV_line,24,2420005,2420005|1007004|3010001|1206005|0612004,29281,50.15475,18.74077,0.486
GRID-0445,line_110kV,18,1802007,1802007|0212005|0213003|2011001|0423006|1805001|1817006|3021004|0408001|0229006|2819002|1209002|1824003|3009005,66937,49.47984,21.55954,0.552
GRID-0446,transformer,12,1202001,1202001|2205002,7996,50.25394,20.37708,0.547
GRID-0447,MV_line,12,1220002,1220002|2007003|1803007|2217003|1212002,25812,50.06278,19.51262,0.155
GRID-0448,transformer,30,3021004,3021004|0222001,12105,52.25467,16.45986,0.168
GRID-0449,transformer,02,0212006,0212006|0607007,54171,51.49304,16.81654,0.306
GRID-0450,MV_line,28,2807004,2807004|0225006|1001006|1429005|1440003,23132,53.42581,20.84429,0.301
GRID-0451,line_110kV,02,0215002,0215002|0220006|1423003|0620003|2010001|2208005|0624006|1421007|0420005|0415006|0414002|2809004|2218005|0212006,98222,50.96274,16.88177,0.539
GRID-0452,transformer,02,0209005,0209005|0812006,12371,51.19039,16.48671,0.306
GRID-0453,transformer,06,0603007,0603007|1023005,10443,51.51601,22.936,0.161
GRID-0454,transformer,16,1604005,1604005|2814006,8958,50.76796,18.9751,0.331
GRID-0455,MV_line,02,0214005,0214005|1204005|0606003|1418005|3202004,28987,51.06209,17.00322,0.528
GRID-0456,MV_line,24,2436006,2436006|0602004|1216001|2212004|3027001,17059,50.89984,19.93761,0.426
GRID-0457,MV_line,14,1426007,1426007|2811001|1407001|2013002|0211001,14699,52.9662,21.47345,0.733
GRID-0458,transformer,28,2804003,2804003|3017002,37174,53.12149,21.11401,0.725
GRID-0459,MV_line,06,0611003,0611003|0215004|2206003|1221006|2420003,22668,51.83795,21.93358,0.634
GRID-0460,MV_line,20,2004004,2004004|1603006|1804004|0808001|0419007,36293,52.67681,23.32323,0.765
GRID-0461,MV_line,06,0603006,0603006|2613004|3214002|1410002|0420001,10564,51.41368,23.13294,0.435
GRID-0462,MV_line,08,0806005,0806005|3001003|3030006|1222001|0405004,16698,52.54254,15.44832,0.578
GRID-0463,line_110kV,28,2802001,2802001|1807005|0812001|0222003|1610001|3030001|3217006|2212005|0204002|1420007|1208003|3028001|2612005|3016004,73852,53.12786,20.85909,0.513
GRID-0464,MV_line,28,2806003,2806003|1610003|2430001|2608006|2816003,24555,53.88558,20.40289,0.599
GRID-0465,transformer,30,3022006,3022006|0609004,9638,52.62674,16.80576,0.418
GRID-0466,MV_line,24,2405005,2405005|0622004|0208007|1004006|2820001,24658,50.30997,19.13521,0.601
GRID-0467,line_110kV,06,0619001,0619001|0614004|0223006|2404005|2803002|1009007|3002002|2611005|0805006|3017004|2220004|2207005|0206003|1437005,142600,50.46753,22.59757,0.883
GRID-0468,MV_line,06,0616006,0616006|1422005|2821006|1610005|2005006,35195,51.38018,22.74176,0.492
GRID-0469,MV_line,30,3029001,3029001|1433006|3001003|1205005|2005004,45777,53.00671,16.47777,0.575
GRID-0470,MV_line,28,2819005,2819005|2431001|1209002|1803002|0803002,22424,54.5296,20.67243,0.935
GRID-0471,MV_line,10,1006001,1006001|0206006|1607007|2219003|1014007,17599,51.71753,20.18654,0.265
GRID-0472,MV_line,08,0811007,0811007|1604004|1019006|1202005|0602007,35665,51.64858,15.60234,0.397
GRID-0473,MV_line,30,3011002,3011002|0406006|2435001|3214006|1001004,31060,52.03824,15.53128,0.328
GRID-0474,MV_line,04,0410001,0410001|1218002|1812004|0209002|1022006,8763,53.31709,18.21438,0.42
GRID-0475,MV_line,14,1424005,1424005|3208001|1442007|2002006|2210003,21485,52.42216,20.85218,0.799
GRID-0476,MV_line,14,1413001,1413001|0416003|3213005|0813002|0608002,14476,51.59251,21.24464,0.442
GRID-0477,line_110kV,12,1212005,1212005|3028006|0607007|0622001|2821005|3210001|2013004|1803002|3202001|3213003|1426002|2602003|1208004|1008003,102790,50.95999,19.22869,0.618
GRID-0478,transformer,02,0202004,0202004|0601004,4421,51.42652,17.48558,0.566
GRID-0479,line_110kV,08,0809006,0809006|0201002|1611002|0416004|0401004|0804002|2814003|2415002|2405004|2601002|1801003|1441001|2806005|0616005,99958,51.97988,15.79403,0.459
GRID-0480,MV_line,14,1404007,1404007|2015003|2603001|1819004|1604003,13389,52.30456,19.91287,0.522
GRID-0481,MV_line,28,2821004,2821004|1211002|1007002|1426004|0807005,39581,54.08572,19.49101,0.614
GRID-0482,MV_line,24,2413004,2413004|1410005|0618003|3025001|2412003,18061,49.9966,18.59426,0.574
GRID-0483,line_110kV,18,1814006,1814006|2433003|1813003|2404005|1211001|3026002|1021006|2013002|2007004|1014006|0207002|1024005|2416006|1823004,79838,49.35072,21.48366,0.235
GRID-0484,line_110kV,30,3003002,3003002|1603005|1802002|0603001|2003006|1412004|2808003|0208005|1423006|0220005|1424007|2605006|2207001|0226005,64027,52.92831,16.21921,0.223
GRID-0485,line_110kV,14,1412001,1412001|3034005|0218006|2436004|2425003|2613006|1011005|2602003|3016004|0608006|0223003|2004003|0217007|0813005,63707,52.27908,20.87489,0.495
GRID-0486,transformer,10,1013004,1013004|0419004,5720,51.67934,18.81339,0.394
GRID-0487,transformer,24,2401004,2401004|0403006,9238,51.32194,19.23791,0.404
GRID-0488,MV_line,24,2417006,2417006|1605007|0605001|3015004|1426003,23730,49.709,18.31371,0.593
GRID-0489,MV_line,10,1023005,1023005|1804005|1607002|1009001|3209005,18115,52.62445,20.65211,0.237
GRID-0490,MV_line,20,2002002,2002002|2219003|0406007|0409001|1022007,25934,53.41302,22.62068,0.491
GRID-0491,line_110kV,28,2807004,2807004|0420001|1010007|2417006|0227001|1425002|1202002|2810002|2214004|1011002|0202007|1604001|1424002|3026006,51182,53.42581,20.84429,0.938
GRID-0492,line_110kV,18,1816004,1816004|3032001|0421003|3030005|2431002|0422005|0616001|0423007|1016006|0421004|1018005|1607006|3212005|0212006,51215,49.73653,22.03319,0.437
GRID-0493,transformer,10,1009001,1009001|2007006,6186,51.79084,19.41237,0.366
GRID-0494,GPZ,24,2429003,2429003|1602001|1021006|0801005|1603005|0402002|2011001|1431007,54945,50.47991,18.36665,0.407
GRID-0495,line_110kV,10,1014002,1014002|1606005|2217005|1218002|1020002|1423005|1202005|1013005|1436005|1415006|2415002|1418006|0602001|2613004,104586,51.51459,19.23892,0.386
GRID-0496,MV_line,18,1819004,1819004|3001002|2422001|1009006|0222004,20382,49.63362,22.57222,0.351
GRID-0497,MV_line,32,3208005,3208005|3032003|1209002|2411003|1813006,62766,53.54515,14.41943,0.399
GRID-0498,line_110kV,14,1432007,1432007|3020005|1421003|0601001|2815004|1209003|1415001|1213005|2434003|1416005|0219003|0615004|2818001|1019001,77411,51.82794,21.25912,0.749
GRID-0499,line_110kV,26,2603004,2603004|1610007|2006002|3029001|2010001|3210006|0220006|1610005|0609002|1822001|0205005|1002007|2402006|2603005,54209,50.75015,19.79922,0.32
GRID-0500,MV_line,18,1805006,1805006|1019004|1821004|1601002|1005002,9307,49.24143,22.06745,0.369
GRID-0501,MV_line,24,2433006,2433006|2414006|2426005|3214003|3202003,49294,49.91579,18.93234,0.387
GRID-0502,transformer,24,2412001,2412001|1406004,6785,50.65232,19.55593,0.294
GRID-0503,transformer,14,1411006,1411006|1807005,6272,52.05668,21.26573,0.624
GRID-0504,MV_line,26,2608004,2608004|0224004|1401001|2811002|0611001,35728,51.76015,19.72411,0.3
GRID-0505,MV_line,24,2402004,2402004|3203003|2208005|3214001|0217005,21131,50.12438,18.95214,0.608
GRID-0506,MV_line,10,1005007,1005007|3216004|3001006|1202001|3031006,24037,52.62341,19.3399,0.156
GRID-0507,line_110kV,08,0805005,0805005|0402004|0423007|1602007|0806006|1813003|2428002|2205003|1006006|2429004|0201004|0810003|1203002|1010005,90913,53.05168,15.24473,0.763
GRID-0508,MV_line,14,1440003,1440003|1402002|1204007|2413002|0423006,14039,51.91641,21.51708,0.826
GRID-0509,line_110kV,14,1407002,1407002|2007004|0203007|2605001|1003002|1812003|0606004|2436004|3019004|2204002|1210003|2601004|2009001|2431004,86076,52.17413,20.71413,0.597
GRID-0510,transformer,14,1406001,1406001|2016005,5668,51.88227,20.67622,0.671
GRID-0511,MV_line,06,0623002,0623002|2208001|1801003|1429005|2405001,67884,51.15486,21.96926,0.385
GRID-0512,MV_line,32,3216005,3216005|1813006|2612004|3209004|0216006,34270,53.51213,13.77865,0.375
GRID-0513,transformer,12,1215006,1215006|1401005,11672,49.91279,19.46268,0.439
GRID-0514,MV_line,20,2004001,2004001|0201007|3218002|2206006|0416002,23223,52.75895,23.41827,0.711
GRID-0515,line_110kV,12,1220005,1220005|0226007|1209005|1440005|2412003|0602003|1808006|2014003|1015002|2405005|0812002|1430006|1604001|2016002,64039,50.01015,20.00904,0.379
GRID-0516,GPZ,26,2607002,2607002|1015001|1005005|2207001|2818003|0610002|2432004|0419003,30005,50.50032,20.76385,0.398
GRID-0517,MV_line,18,1813004,1813004|2211002|0208002|1004001|1608005,34117,49.93358,22.60689,0.65
GRID-0518,MV_line,06,0623003,0623003|2425004|0207006|2611001|2209003,16282,51.21566,21.88938,0.642
GRID-0519,transformer,24,2403004,2403004|2405002,13904,49.34663,18.56118,0
GRID-0520,transformer,14,1415003,1415003|3221002,4229,52.45383,20.84598,0.77
GRID-0521,MV_line,24,2422004,2422004|1806001|3009003|2001002|0613003,34099,50.42361,19.6052,0.134
GRID-0522,transformer,10,1014005,1014005|2013006,6399,51.23439,19.07125,0.489
GRID-0523,line_110kV,04,0417006,0417006|3212001|1414007|1201005|2816005|2425005|2412001|0229003|2432003|1428006|0224003|0619001|2613003|2429003,102821,52.81841,18.62977,0.227
GRID-0524,GPZ,20,2002005,2002005|2004002|1411005|2405005|1807004|1437003|0214006|3014005,37151,53.51576,22.92663,0.547
GRID-0525,line_110kV,14,1420003,1420003|2219006|0211002|2420001|1611007|1438002|0221006|3215006|0613003|1821001|0222003|3006006|2205004|1409004,92338,53.06028,21.34684,0.726
GRID-0526,GPZ,10,1012004,1012004|0621006|0808005|2802001|2409003|1424006|1812006|2427006,44000,50.96532,19.13971,0.345
GRID-0527,transformer,14,1406006,1406006|3032004,14349,51.6843,20.90263,0.547
GRID-0528,GPZ,24,2428001,2428001|2006004|0223003|0809007|0607002|2012006|2815001|0417001,36083,50.25351,19.13055,0.28
GRID-0529,transformer,18,1807005,1807005|2403004,6893,50.27293,21.86958,0.433
GRID-0530,GPZ,22,2208005,2208005|0417003|2411001|0616001|1022001|3033006|1416005|1441003,47297,54.38189,19.43692,0.5
GRID-0531,MV_line,28,2816001,2816001|0229005|2007004|3035004|2602001,36062,53.84353,19.56505,0.376
GRID-0532,transformer,12,1211007,1211007|1424006,15376,49.90276,19.94398,0.214
GRID-0533,line_110kV,10,1018005,1018005|3221006|2207002|1016001|1430006|1423004|0203007|2213001|1207002|0211007|2218001|0623007|1424006|1420002,77851,52.22347,20.01675,0.568
GRID-0534,MV_line,24,2430006,2430006|0604006|1215004|1217004|0211005,23574,50.71004,19.46331,0.433
GRID-0535,line_110kV,16,1611007,1611007|2429004|3210004|2402003|3215004|1802003|3013005|2017005|2603006|3024006|0208003|1811002|1809005|1609001,63013,51.22172,17.57609,0.594
GRID-0536,transformer,18,1813004,1813004|2430004,9179,49.93358,22.60689,0.41
GRID-0537,line_110kV,28,2805005,2805005|2201003|1413005|2210002|0219007|3034002|0416007|2611002|3027003|1812006|0419005|1207004|3005005|2004002,64067,53.64581,19.95476,0.668
GRID-0538,MV_line,14,1441007,1441007|2423003|2434002|0218003|1001002,40306,52.42502,21.08463,0.696
GRID-0539,line_110kV,32,3208003,3208003|3029005|2409005|2218005|0214005|1430001|3024001|2614002|1401003|2008003|3011001|0801001|2010004|0620002,87089,53.51177,14.45339,0.19
GRID-0540,MV_line,06,0604006,0604006|0612006|3033005|1433003|1014004,40590,50.85784,21.77292,1
GRID-0541,transformer,10,1003001,1003001|3019005,21765,51.92007,18.97516,0.423
GRID-0542,MV_line,22,2214001,2214001|2220004|3218002|1427002|1608007,35415,54.35713,18.88575,0.382
GRID-0543,MV_line,18,1825001,1825001|2808001|3009005|3007005|2202006,28524,49.67418,21.98777,0.68
GRID-0544,transformer,12,1217006,1217006|2431006,6712,50.16557,19.32563,0.243
GRID-0545,transformer,14,1431004,1431004|1001006,10084,52.29832,20.2181,0.809
GRID-0546,MV_line,10,1013007,1013007|3007005|1805004|2431006|1010006,22384,51.56586,18.94184,0.548
GRID-0547,MV_line,06,0605004,0605004|2220005|2215002|1020004|0217007,27661,51.40502,22.51027,0.515
GRID-0548,line_110kV,12,1217002,1217002|0418001|3218003|3033005|2214002|0214003|1612002|1410002|1007003|3032005|2601002|0601002|2004006|3219005,95335,50.27779,19.4592,0.628
GRID-0549,MV_line,20,2017006,2017006|1004004|2427005|2004001|1404001,23806,52.7256,23.0098,0.989
GRID-0550,MV_line,10,1012004,1012004|1610006|0801005|1435004|0408007,19978,50.96532,19.13971,0.363
GRID-0551,line_110kV,02,0219001,0219001|2428004|1407003|3220006|2418001|1405004|1013004|2430001|2806004|0613001|3221004|1803006|1003002|1407002,87013,51.05075,16.41712,0.509
GRID-0552,transformer,24,2430005,2430005|0205001,10772,50.58041,19.32753,0.455
GRID-0553,MV_line,02,0219007,0219007|2819006|2436001|2015002|0412002,18849,51.29712,16.58627,0.336
GRID-0554,transformer,22,2219006,2219006|0618006,8998,54.02966,17.70993,0.338
GRID-0555,transformer,30,3008005,3008005|2607003,2953,51.85898,16.82937,0.318
GRID-0556,MV_line,04,0405007,0405007|0224003|1825002|2207006|2814003,18792,53.43578,18.14848,0.737
GRID-0557,MV_line,24,2415004,2415004|0608005|0809003|1417005|3204006,47205,49.6401,19.41268,0.58
GRID-0558,transformer,06,0613003,0613003|2217001,10627,51.16803,21.82717,0.523
GRID-0559,line_110kV,18,1809001,1809001|2608004|1208007|1418006|0604006|1803001|0414003|2427006|2614005|1407002|1416001|1810006|1436006|2418005,56517,50.05127,21.63258,0.537
GRID-0560,transformer,18,1803004,1803004|3032001,3604,50.09006,22.14404,0.344
GRID-0561,MV_line,14,1425001,1425001|0810005|2821003|1432006|0216002,34973,53.03402,21.6028,0.75
GRID-0562,transformer,12,1215003,1215003|1824005,2698,50.09145,19.20483,0.429
GRID-0563,MV_line,14,1434003,1434003|3031005|1442003|2603004|2415003,23242,51.33821,20.99723,0.818
GRID-0564,line_110kV,14,1436004,1436004|0809006|1435001|2014003|1414004|1219003|0217003|1209006|3207002|1441002|0810006|3208001|0208001|1415006,91881,52.72138,19.95686,0.529
GRID-0565,transformer,18,1825005,1825005|2212002,3885,49.56987,22.17725,0.132
GRID-0566,MV_line,26,2604005,2604005|1812001|1001002|3209006|2807002,26945,51.41491,21.91643,0.652
GRID-0567,MV_line,16,1605007,1605007|2610003|1008007|3002005|2608002,28476,50.41132,17.43699,0.602
GRID-0568,MV_line,10,1012005,1012005|0209003|0408007|1810006|1217004,48042,50.93677,19.53588,0.333
GRID-0569,line_110kV,16,1602007,1602007|1426006|0617007|1201002|1820004|2805005|2428005|3032006|0208001|3001006|1219005|1204004|1825003|0220002,100127,50.54897,18.18474,0.467
GRID-0570,MV_line,22,2207002,2207002|2811004|0410003|1422006|3021006,25289,54.56938,19.8413,0.521
GRID-0571,transformer,30,3009002,3009002|0417004,10498,52.2956,15.95422,0.414
GRID-0572,MV_line,04,0403006,0403006|1409001|1407002|1413006|1016007,18972,53.38889,19.00195,0.547
GRID-0573,line_110kV,14,1407003,1407003|1013006|0224004|1419004|3020006|1426003|0601004|1021002|0408002|0801004|2821006|1441002|0406005|1207004,56963,52.36084,20.77155,0.838
GRID-0574,line_110kV,12,1219002,1219002|2604006|2432001|0605004|3010005|0230007|1608005|0413006|1024007|2605005|0616001|2416006|0419006|2604001,53866,50.45026,19.94641,0.49
GRID-0575,GPZ,12,1201004,1201004|1211006|3217004|2611005|1439004|3032005|0206005|3206002,45901,49.46369,19.62841,0.413
GRID-0576,transformer,24,2408004,2408004|2417003,10590,50.07885,18.41449,0.395
GRID-0577,MV_line,10,1023007,1023007|0201003|1411003|2213001|3219005,22420,52.62989,20.66821,0.815
GRID-0578,MV_line,14,1422003,1422003|1802003|2811003|2609001|2816002,40412,52.31246,20.59985,0.78
GRID-0579,transformer,14,1430001,1430001|1418005,5737,52.07193,20.21713,0.557
GRID-0580,line_110kV,30,3007003,3007003|3027002|2808004|1602005|2415004|0613002|1016005|2612001|0204006|1608006|2813001|2436003|2803004|1005004,74963,51.70989,17.06905,0
GRID-0581,GPZ,10,1014005,1014005|1442002|0603003|2417005|1810006|3011006|1016007|1023002,23444,51.23439,19.07125,0.43
GRID-0582,transformer,06,0611005,0611005|1601006,8084,51.77352,21.91469,0.875
GRID-0583,MV_line,28,2807005,2807005|2601002|0608002|1439005|1209001,27266,53.75764,21.1414,0.97
GRID-0584,MV_line,30,3033006,3033006|1001004|1022003|2205004|1010004,47235,52.02302,16.95794,0.538
GRID-0585,MV_line,10,1002003,1002003|1612004|2817005|2602004|3215004,33230,51.95877,20.00527,0.36
GRID-0586,transformer,22,2219005,2219005|1219006,8675,54.06925,17.84406,0.463
GRID-0587,MV_line,14,1417006,1417006|2005002|0808006|1601002|1805002,11633,51.85592,21.33214,0.758
GRID-0588,transformer,18,1818005,1818005|2422002,16476,50.56643,22.30799,0.451
GRID-0589,MV_line,16,1602002,1602002|2219006|0204003|2211001|0403003,55735,50.79929,18.00301,0.245
GRID-0590,MV_line,22,2214002,2214002|2427001|1424004|0212003|1204003,20890,54.35034,18.79012,0.249
GRID-0591,MV_line,12,1208001,1208001|1436004|2007001|0214006|1610003,19003,51.06969,19.38136,0.195
GRID-0592,transformer,24,2407001,2407001|3025001,7412,50.82198,19.72,0.451
GRID-0593,transformer,30,3026003,3026003|2808004,8093,52.08622,16.67689,0.29
GRID-0594,transformer,24,2415004,2415004|0414004,24044,49.6401,19.41268,0.51
GRID-0595,line_110kV,14,1406002,1406002|3213006|2435006|0227007|2201003|2611004|1410002|1427007|3209002|2008002|0405005|0607003|0403006|1811001,91157,51.44857,20.57749,0.678
GRID-0596,MV_line,14,1425004,1425004|1430003|0612007|2601002|0802005,26533,52.46657,21.45603,0.376
GRID-0597,MV_line,04,0414003,0414003|0812006|0812001|3211005|1438007,16845,52.91722,18.46442,0.33
GRID-0598,line_110kV,32,3201001,3201001|2414003|1407004|1801006|3035001|3017002|1416004|3024002|3006005|1434004|0213006|0806002|0410006|1605005,98850,53.36265,13.74277,0.06
GRID-0599,transformer,18,1823005,1823005|1211005,12901,50.18951,22.64744,0.285
GRID-0600,MV_line,10,1017006,1017006|2429005|1824003|1804007|1202004,56138,51.62219,20.18821,0.51
